FIPS,Trump,Biden,Total Votes
02000,118844.0,64246.0,190970.0
01001,19764.0,7450.0,27560.0
01003,83055.0,24344.0,108620.0
01005,5605.0,4772.0,10445.0
01007,7508.0,1982.0,9563.0
01009,24595.0,2627.0,27431.0
01011,1143.0,3439.0,4601.0
01013,5448.0,3953.0,9460.0
01015,34964.0,15118.0,50630.0
01017,8748.0,6356.0,15244.0
01019,10562.0,1619.0,12263.0
01021,16052.0,3056.0,19231.0
01023,4294.0,3126.0,7458.0
01025,7310.0,5730.0,13088.0
01027,5589.0,1262.0,6904.0
01029,6472.0,672.0,7202.0
01031,16832.0,5050.0,22144.0
01033,17311.0,7057.0,24607.0
01035,3435.0,2951.0,6418.0
01037,3626.0,1794.0,5466.0
01039,14579.0,2717.0,17393.0
01041,4864.0,1700.0,6608.0
01043,36831.0,4475.0,41724.0
01045,14281.0,5154.0,19667.0
01047,5523.0,12228.0,17841.0
01049,24744.0,4271.0,29265.0
01051,30089.0,10304.0,40790.0
01053,10844.0,4894.0,15832.0
01055,35343.0,11487.0,47358.0
01057,7295.0,1390.0,8741.0
01059,10364.0,2085.0,12554.0
01061,10844.0,1592.0,12526.0
01063,875.0,3880.0,4763.0
01065,3190.0,4687.0,7914.0
01067,6593.0,2589.0,9251.0
01069,32384.0,12738.0,45647.0
01071,19644.0,3709.0,23561.0
01073,138443.0,180936.0,322947.0
01075,6168.0,978.0,7179.0
01077,31578.0,11872.0,43983.0
01079,12266.0,3544.0,15936.0
01081,42019.0,27600.0,70631.0
01083,34337.0,13510.0,48583.0
01085,1835.0,4968.0,6829.0
01087,1539.0,7084.0,8675.0
01089,102395.0,86885.0,192958.0
01091,5337.0,5476.0,10872.0
01093,12190.0,1457.0,13762.0
01095,33094.0,5880.0,39406.0
01097,100605.0,78754.0,181279.0
01099,6126.0,4418.0,10597.0
01101,33122.0,64065.0,98103.0
01103,39504.0,13159.0,53363.0
01105,1336.0,3849.0,5208.0
01107,5590.0,4017.0,9647.0
01109,8020.0,5613.0,13767.0
01111,8548.0,2203.0,10810.0
01113,9796.0,11078.0,21069.0
01115,36119.0,7698.0,44261.0
01117,79428.0,33036.0,113920.0
01119,1598.0,4639.0,6274.0
01121,22210.0,13092.0,35548.0
01123,14905.0,5815.0,20849.0
01125,47367.0,28560.0,76758.0
01127,25947.0,4826.0,31049.0
01129,6554.0,2253.0,8852.0
01131,1826.0,4036.0,5879.0
01133,10187.0,974.0,11260.0
05001,4301.0,1813.0,6284.0
05003,5540.0,2119.0,7911.0
05005,15810.0,4625.0,20968.0
05007,73605.0,41894.0,119166.0
05009,13644.0,3061.0,17103.0
05011,2332.0,1208.0,3644.0
05013,1609.0,467.0,2143.0
05015,7352.0,3941.0,11639.0
05017,1750.0,2252.0,4093.0
05019,4605.0,3413.0,8358.0
05021,4084.0,959.0,5178.0
05023,10292.0,1962.0,12617.0
05025,2857.0,649.0,3588.0
05027,5469.0,2781.0,8550.0
05029,5672.0,2593.0,8641.0
05031,25482.0,11854.0,38364.0
05033,18566.0,4936.0,24025.0
05035,7244.0,8325.0,16086.0
05037,4928.0,1759.0,6911.0
05039,1573.0,963.0,2649.0
05041,1920.0,2016.0,4163.0
05043,4338.0,2408.0,6879.0
05045,34338.0,18267.0,54264.0
05047,5664.0,1298.0,7113.0
05049,3944.0,1031.0,5098.0
05051,29065.0,14043.0,44193.0
05053,6791.0,1268.0,8197.0
05055,12651.0,3045.0,16066.0
05057,4463.0,2135.0,6838.0
05059,9178.0,3053.0,12503.0
05061,3358.0,1333.0,4818.0
05063,11232.0,2798.0,14486.0
05065,4615.0,1019.0,5792.0
05067,3583.0,1360.0,5076.0
05069,9500.0,14882.0,25030.0
05071,6867.0,2262.0,9402.0
05073,1730.0,820.0,2633.0
05075,4569.0,1080.0,5857.0
05077,1286.0,1423.0,2848.0
05079,2725.0,1031.0,3870.0
05081,3714.0,1226.0,5176.0
05083,6438.0,1544.0,8222.0
05085,22884.0,6684.0,30660.0
05087,5630.0,1555.0,7315.0
05089,5767.0,1526.0,7481.0
05091,11907.0,4235.0,16506.0
05093,7262.0,4542.0,12287.0
05095,1545.0,1146.0,2815.0
05097,3021.0,722.0,3839.0
05099,2133.0,1076.0,3358.0
05101,3192.0,709.0,3998.0
05103,5253.0,3395.0,8993.0
05105,3466.0,1005.0,4607.0
05107,2393.0,3561.0,6155.0
05109,3514.0,643.0,4240.0
05111,5852.0,1388.0,7418.0
05113,7018.0,1242.0,8468.0
05115,18041.0,5747.0,24367.0
05117,2764.0,646.0,3465.0
05119,62389.0,98855.0,165468.0
05121,5327.0,1203.0,6769.0
05123,3221.0,3571.0,7054.0
05125,39519.0,16042.0,56903.0
05127,1790.0,364.0,2219.0
05129,3365.0,587.0,4018.0
05131,31024.0,14371.0,46838.0
05133,3884.0,1116.0,5202.0
05135,5923.0,1392.0,7544.0
05137,4605.0,1173.0,5919.0
05139,10446.0,5559.0,16548.0
05141,5962.0,1566.0,7704.0
05143,47229.0,43327.0,93467.0
05145,24057.0,5909.0,30689.0
05147,1543.0,849.0,2469.0
05149,5205.0,1275.0,6711.0
04001,11240.0,22730.0,34397.0
04003,33580.0,22997.0,57672.0
04005,26914.0,44408.0,72832.0
04007,18375.0,8943.0,27660.0
04009,10747.0,4034.0,14993.0
04011,2433.0,1182.0,3685.0
04012,5129.0,2236.0,7458.0
04013,983690.0,1030325.0,2045229.0
04015,78218.0,24769.0,104283.0
04017,27615.0,23347.0,51688.0
04019,197183.0,295049.0,499396.0
04021,106390.0,74772.0,183937.0
04023,6194.0,13138.0,19556.0
04025,90422.0,49150.0,141618.0
04027,35766.0,31562.0,68427.0
06001,115771.0,548073.0,676753.0
06003,238.0,473.0,731.0
06005,13565.0,8145.0,22274.0
06007,47568.0,49402.0,99780.0
06009,16287.0,9845.0,26717.0
06011,4399.0,3114.0,7672.0
06013,125703.0,363370.0,498314.0
06015,6201.0,4565.0,11066.0
06017,60259.0,50532.0,113388.0
06019,146741.0,170694.0,323481.0
06021,6854.0,3815.0,10890.0
06023,13756.0,31010.0,45961.0
06025,10023.0,20134.0,30732.0
06027,4436.0,4495.0,9147.0
06029,82524.0,78269.0,164149.0
06031,23169.0,17729.0,41933.0
06033,3955.0,6874.0,11038.0
06035,8798.0,2772.0,11779.0
06037,1089249.0,2910295.0,4083138.0
06039,28133.0,22158.0,51405.0
06041,20505.0,112921.0,135667.0
06043,5921.0,4056.0,10215.0
06045,6312.0,18303.0,25171.0
06047,33226.0,41991.0,76944.0
06049,2675.0,1063.0,3814.0
06051,2433.0,3884.0,6510.0
06053,42784.0,107925.0,154066.0
06055,17482.0,43567.0,62358.0
06057,15716.0,23593.0,40113.0
06059,658520.0,795376.0,1484089.0
06061,91472.0,89924.0,185153.0
06063,6247.0,4465.0,10947.0
06065,272080.0,334155.0,616409.0
06067,151776.0,287507.0,448489.0
06069,9242.0,15539.0,25285.0
06071,270207.0,338557.0,620946.0
06073,584914.0,943650.0,1564277.0
06075,55347.0,373186.0,437224.0
06077,72925.0,107820.0,184142.0
06079,64514.0,85183.0,153409.0
06081,67750.0,264762.0,338492.0
06083,63583.0,126419.0,194378.0
06085,191277.0,560440.0,767466.0
06087,26072.0,111534.0,141079.0
06089,57894.0,28889.0,88761.0
06091,1138.0,730.0,1926.0
06093,12985.0,9456.0,22991.0
06095,66943.0,127544.0,199117.0
06097,40478.0,153342.0,197602.0
06099,79622.0,84668.0,167649.0
06101,20038.0,15207.0,35969.0
06103,16346.0,8105.0,25005.0
06105,594.0,396.0,1047.0
06107,71857.0,61443.0,136166.0
06109,17302.0,11808.0,29820.0
06111,135555.0,216447.0,358742.0
06113,16128.0,47504.0,64934.0
06115,10574.0,7800.0,18820.0
08001,94874.0,132951.0,234599.0
08003,3676.0,3624.0,7519.0
08005,126124.0,211498.0,346740.0
08007,5126.0,3693.0,9030.0
08009,1840.0,313.0,2193.0
08011,1468.0,723.0,2229.0
08013,39289.0,150247.0,193656.0
08015,6180.0,7112.0,13620.0
08017,966.0,127.0,1105.0
08019,2618.0,3495.0,6290.0
08021,2269.0,1936.0,4291.0
08023,713.0,1279.0,2031.0
08025,1262.0,427.0,1730.0
08027,2433.0,1104.0,3585.0
08029,13013.0,5862.0,19272.0
08031,59610.0,283816.0,350605.0
08033,1080.0,332.0,1431.0
08037,9685.0,18095.0,28427.0
08039,13722.0,4395.0,18554.0
08041,200968.0,160265.0,375058.0
08043,17231.0,7170.0,25058.0
08045,14404.0,15070.0,30216.0
08047,1815.0,2199.0,4143.0
08049,4759.0,4579.0,9606.0
08051,3599.0,6976.0,10887.0
08053,353.0,255.0,632.0
08055,2193.0,2071.0,4389.0
08057,680.0,173.0,873.0
08059,148043.0,217891.0,376430.0
08061,795.0,98.0,902.0
08063,3084.0,644.0,3792.0
08065,1492.0,2287.0,3938.0
08067,14146.0,20363.0,35377.0
08069,91197.0,125765.0,223653.0
08071,4255.0,3465.0,7897.0
08073,2118.0,467.0,2630.0
08075,7987.0,2201.0,10411.0
08077,53344.0,30106.0,85368.0
08079,425.0,317.0,754.0
08081,5627.0,1186.0,6964.0
08083,9267.0,5802.0,15421.0
08085,16658.0,7648.0,24764.0
08087,9407.0,3741.0,13415.0
08089,5696.0,3552.0,9459.0
08091,1547.0,2341.0,3960.0
08095,1945.0,477.0,2461.0
08097,2739.0,8906.0,11829.0
08099,3977.0,1438.0,5507.0
08101,41502.0,43070.0,86760.0
08103,3047.0,557.0,3672.0
08105,3645.0,2488.0,6280.0
08107,5883.0,10523.0,16767.0
08109,1389.0,1857.0,3337.0
08111,202.0,342.0,562.0
08113,1081.0,3890.0,5057.0
08115,1120.0,297.0,1441.0
08117,5275.0,12535.0,18330.0
08119,11158.0,5224.0,16793.0
08121,2537.0,363.0,2943.0
08123,94965.0,65169.0,164791.0
08125,4037.0,763.0,4885.0
08035,120661.0,104199.0,230478.0
08014,16188.0,28871.0,46297.0
08093,6864.0,4786.0,12032.0
09013,34819.0,44002.0,80493.0
09009,168816.0,240839.0,414946.0
09015,29141.0,26701.0,57063.0
09003,159009.0,283281.0,449111.0
09005,55609.0,50164.0,107538.0
09001,168440.0,297556.0,472578.0
09011,57110.0,79459.0,139582.0
09007,40580.0,56729.0,98956.0
11001,15075.0,268625.0,287776.0
10001,40976.0,44518.0,86958.0
10003,87685.0,194238.0,286133.0
10005,71168.0,56647.0,129253.0
12001,50891.0,89527.0,142323.0
12003,11911.0,2037.0,14059.0
12005,65993.0,25538.0,92820.0
12007,10334.0,3160.0,13631.0
12009,207857.0,148479.0,360622.0
12011,332960.0,617689.0,956076.0
12013,5269.0,1206.0,6518.0
12015,73202.0,42240.0,116259.0
12017,65230.0,27049.0,93034.0
12019,84422.0,38248.0,124259.0
12021,128820.0,77529.0,207574.0
12023,23819.0,8900.0,33011.0
12086,532409.0,617201.0,1155692.0
12027,8292.0,4249.0,12628.0
12029,6757.0,1364.0,8164.0
12031,233316.0,251952.0,491665.0
12033,96573.0,70824.0,170123.0
12035,42991.0,28124.0,71621.0
12037,4675.0,2118.0,6847.0
12039,7461.0,16139.0,23744.0
12041,7893.0,1700.0,9680.0
12043,3781.0,1384.0,5191.0
12045,6111.0,1985.0,8161.0
12047,3811.0,1959.0,5821.0
12049,6120.0,2291.0,8476.0
12051,7898.0,4925.0,12927.0
12053,70321.0,37446.0,108746.0
12055,34787.0,16861.0,52000.0
12057,326158.0,374714.0,709040.0
12059,8074.0,924.0,9062.0
12061,58797.0,37801.0,97361.0
12063,15466.0,6749.0,22373.0
12065,4474.0,3893.0,8439.0
12067,3126.0,507.0,3653.0
12069,125687.0,83273.0,210890.0
12071,232075.0,156957.0,391934.0
12073,57384.0,103364.0,162650.0
12075,16721.0,6189.0,23099.0
12077,2846.0,693.0,3560.0
12079,5573.0,3746.0,9376.0
12081,124827.0,90007.0,216617.0
12083,127744.0,74802.0,204222.0
12085,61133.0,36873.0,98669.0
12087,25668.0,21848.0,47964.0
12089,42502.0,15542.0,58719.0
12091,79633.0,34165.0,116081.0
12093,11460.0,4380.0,15933.0
12095,245162.0,394602.0,646635.0
12097,73373.0,97157.0,172156.0
12099,332760.0,429856.0,767376.0
12101,179343.0,118767.0,301338.0
12103,275949.0,277191.0,559121.0
12105,194271.0,144775.0,342615.0
12107,25496.0,10512.0,36335.0
12109,110886.0,63808.0,176515.0
12111,86748.0,84005.0,171941.0
12113,77306.0,27560.0,106782.0
12115,148065.0,119892.0,270017.0
12117,125035.0,132213.0,260237.0
12119,62753.0,29326.0,92460.0
12121,16387.0,4480.0,21029.0
12123,7725.0,2288.0,10088.0
12125,5130.0,1052.0,6241.0
12127,173544.0,130395.0,306952.0
12129,12868.0,5346.0,18391.0
12131,32924.0,10333.0,43679.0
12133,9870.0,2344.0,12318.0
13001,6526.0,1779.0,8341.0
13003,2300.0,825.0,3155.0
13005,4018.0,625.0,4668.0
13007,897.0,652.0,1555.0
13009,8903.0,9140.0,18251.0
13011,7795.0,932.0,8801.0
13013,26804.0,10453.0,37921.0
13015,37673.0,12091.0,50465.0
13017,4110.0,2392.0,6560.0
13019,6419.0,1269.0,7743.0
13021,26583.0,43460.0,70791.0
13023,4328.0,1311.0,5706.0
13025,6991.0,699.0,7746.0
13027,4260.0,2790.0,7100.0
13029,14244.0,6739.0,21340.0
13031,18386.0,11243.0,30084.0
13033,5400.0,5209.0,10684.0
13035,8405.0,3272.0,11768.0
13037,923.0,1260.0,2194.0
13039,15251.0,7967.0,23688.0
13043,3134.0,1269.0,4432.0
13045,37476.0,16238.0,54474.0
13047,25167.0,6932.0,32593.0
13049,3419.0,1103.0,4566.0
13051,53288.0,78369.0,133589.0
13053,880.0,667.0,1582.0
13055,8064.0,1854.0,10050.0
13057,99587.0,42794.0,144830.0
13059,14412.0,35969.0,51218.0
13061,637.0,790.0,1434.0
13063,15813.0,95476.0,112344.0
13065,2105.0,747.0,2864.0
13067,165459.0,221844.0,393744.0
13069,10578.0,4511.0,15214.0
13071,11777.0,4187.0,16083.0
13073,50013.0,29236.0,80579.0
13075,4900.0,2059.0,7035.0
13077,51501.0,24210.0,76799.0
13079,4428.0,1615.0,6102.0
13081,4987.0,2986.0,8039.0
13083,6066.0,1261.0,7434.0
13085,13398.0,2486.0,16081.0
13087,6758.0,4780.0,11627.0
13089,58361.0,308102.0,370665.0
13091,5843.0,2171.0,8070.0
13093,2159.0,1911.0,4105.0
13095,10449.0,24579.0,35308.0
13097,25323.0,42653.0,68806.0
13099,2719.0,2437.0,5184.0
13101,1256.0,167.0,1441.0
13103,23358.0,7720.0,31570.0
13105,6226.0,2879.0,9171.0
13107,6551.0,2884.0,9501.0
13109,2888.0,1324.0,4247.0
13111,12169.0,2571.0,14850.0
13113,36316.0,31863.0,69110.0
13115,27059.0,10959.0,38514.0
13117,85122.0,42203.0,129305.0
13119,9069.0,1593.0,10765.0
13121,136716.0,379095.0,522050.0
13123,13429.0,2932.0,16525.0
13125,1403.0,155.0,1566.0
13127,25616.0,15879.0,41984.0
13129,19405.0,4384.0,24033.0
13131,7027.0,3608.0,10689.0
13133,7068.0,4088.0,11247.0
13135,166413.0,241827.0,413865.0
13137,16637.0,3563.0,20432.0
13139,64105.0,25002.0,90424.0
13141,1159.0,2985.0,4165.0
13143,12331.0,1792.0,14248.0
13145,14319.0,5457.0,19991.0
13147,9464.0,3157.0,12727.0
13149,4516.0,824.0,5391.0
13151,48187.0,73276.0,122742.0
13153,41534.0,32232.0,74823.0
13155,3134.0,1008.0,4168.0
13157,29497.0,7642.0,37670.0
13159,5822.0,1761.0,7644.0
13161,4695.0,1028.0,5771.0
13163,3537.0,4061.0,7642.0
13165,2161.0,1266.0,3455.0
13167,2850.0,1222.0,4100.0
13169,9965.0,4888.0,14966.0
13171,6330.0,2615.0,9039.0
13173,2509.0,1019.0,3576.0
13175,14493.0,8073.0,22729.0
13177,12007.0,4558.0,16714.0
13179,7944.0,13051.0,21326.0
13181,3175.0,1432.0,4643.0
13183,3528.0,2033.0,5656.0
13185,25691.0,20117.0,46355.0
13187,12160.0,3122.0,15524.0
13193,1783.0,2857.0,4662.0
13195,11326.0,3411.0,14937.0
13197,2275.0,1311.0,3624.0
13189,6169.0,4168.0,10455.0
13191,4016.0,2612.0,6696.0
13199,6524.0,4287.0,10877.0
13201,2066.0,749.0,2835.0
13205,4935.0,3995.0,8963.0
13207,11060.0,4384.0,15592.0
13209,2960.0,979.0,3966.0
13211,8230.0,3355.0,11707.0
13213,12943.0,2302.0,15389.0
13215,30018.0,49425.0,80404.0
13217,23867.0,29781.0,54224.0
13219,16595.0,8162.0,25168.0
13221,5593.0,2436.0,8131.0
13223,54460.0,29658.0,85273.0
13225,6502.0,5920.0,12545.0
13227,14075.0,2808.0,17116.0
13229,7899.0,1100.0,9048.0
13231,9127.0,1505.0,10720.0
13233,13589.0,3658.0,17399.0
13235,2805.0,1217.0,4059.0
13237,8291.0,3448.0,11855.0
13239,604.0,497.0,1106.0
13241,7474.0,1984.0,9568.0
13243,1391.0,1671.0,3074.0
13245,26707.0,58776.0,86584.0
13247,13012.0,31244.0,44686.0
13249,1800.0,462.0,2275.0
13251,3915.0,2661.0,6627.0
13253,2611.0,1254.0,3884.0
13255,18057.0,11784.0,30116.0
13257,9368.0,2385.0,11885.0
13259,801.0,1182.0,1990.0
13261,5732.0,6318.0,12150.0
13263,1392.0,2114.0,3522.0
13265,360.0,561.0,928.0
13267,6053.0,2061.0,8183.0
13269,2418.0,1387.0,3839.0
13271,2825.0,1486.0,4332.0
13273,2004.0,2376.0,4416.0
13275,12954.0,8708.0,21853.0
13277,10784.0,5322.0,16283.0
13279,7872.0,2939.0,10914.0
13281,6384.0,1550.0,7979.0
13283,2101.0,952.0,3077.0
13285,18146.0,11585.0,30059.0
13287,2349.0,1410.0,3792.0
13289,2370.0,2044.0,4444.0
13291,12651.0,2801.0,15560.0
13293,8608.0,4201.0,12905.0
13295,23174.0,5769.0,29354.0
13297,37617.0,12634.0,50812.0
13299,9930.0,4249.0,14296.0
13301,1177.0,1488.0,2681.0
13303,4663.0,4730.0,9459.0
13305,9987.0,2687.0,12778.0
13307,748.0,639.0,1390.0
13309,1583.0,688.0,2284.0
13311,12222.0,2411.0,14816.0
13313,25636.0,10670.0,36746.0
13315,2403.0,862.0,3281.0
13317,2823.0,2159.0,5029.0
13319,2664.0,2075.0,4770.0
13321,6831.0,2395.0,9286.0
15001,26851.0,58683.0,87716.0
15003,136061.0,238601.0,381627.0
15007,11579.0,21217.0,33486.0
15009,22111.0,47301.0,71025.0
19001,2917.0,1198.0,4172.0
19003,1528.0,590.0,2153.0
19005,4735.0,2576.0,7413.0
19007,4508.0,1889.0,6500.0
19009,2292.0,1071.0,3413.0
19011,9188.0,5160.0,14622.0
19013,29623.0,35621.0,66376.0
19015,8695.0,6303.0,15306.0
19017,8294.0,5958.0,14516.0
19019,6420.0,4169.0,10764.0
19021,5004.0,2919.0,8054.0
19023,5542.0,2424.0,8084.0
19025,3687.0,1469.0,5246.0
19027,7737.0,3454.0,11306.0
19029,4969.0,2201.0,7266.0
19031,6161.0,4337.0,10680.0
19033,12442.0,10941.0,23744.0
19035,4495.0,1936.0,6503.0
19037,4308.0,2233.0,6617.0
19039,3144.0,1466.0,4661.0
19041,6137.0,2662.0,8948.0
19043,6105.0,3339.0,9579.0
19045,13358.0,10811.0,24634.0
19047,4842.0,2211.0,7125.0
19049,27882.0,26771.0,55628.0
19051,3032.0,1013.0,4099.0
19053,2615.0,1120.0,3801.0
19055,6666.0,3157.0,9981.0
19057,10589.0,8887.0,19897.0
19059,7438.0,3661.0,11230.0
19061,27214.0,25657.0,53782.0
19063,3265.0,1520.0,4850.0
19065,6145.0,3834.0,10156.0
19067,4732.0,3172.0,8017.0
19069,3422.0,1626.0,5119.0
19071,2711.0,1080.0,3851.0
19073,3221.0,1768.0,5048.0
19075,4911.0,2194.0,7229.0
19077,4272.0,1985.0,6363.0
19079,4956.0,2842.0,7916.0
19081,4386.0,1682.0,6155.0
19083,5850.0,2976.0,8975.0
19085,5569.0,2440.0,8144.0
19087,6507.0,3275.0,9964.0
19089,3127.0,1772.0,4952.0
19091,3818.0,1442.0,5320.0
19093,2876.0,917.0,3840.0
19095,6009.0,3547.0,9716.0
19097,6940.0,4029.0,11118.0
19099,12083.0,7737.0,20142.0
19101,4442.0,4314.0,8919.0
19103,22918.0,59147.0,83533.0
19105,6572.0,4213.0,10965.0
19107,3785.0,1409.0,5273.0
19109,6275.0,2696.0,9077.0
19111,9763.0,6539.0,16686.0
19113,53098.0,70451.0,126344.0
19115,3500.0,1726.0,5326.0
19117,3287.0,1284.0,4622.0
19119,5707.0,1067.0,6852.0
19121,6486.0,3126.0,9777.0
19123,8256.0,2879.0,11322.0
19125,12657.0,6170.0,19159.0
19127,9564.0,8171.0,18083.0
19129,5585.0,2508.0,8237.0
19131,3677.0,2053.0,5815.0
19133,3241.0,1404.0,4704.0
19135,2975.0,1078.0,4085.0
19137,3659.0,1583.0,5320.0
19139,10823.0,9372.0,20629.0
19141,5861.0,1569.0,7541.0
19143,2688.0,600.0,3320.0
19145,5314.0,2081.0,7509.0
19147,3370.0,1519.0,4950.0
19149,10492.0,3494.0,14165.0
19151,2826.0,933.0,3817.0
19153,106752.0,146173.0,257857.0
19155,26241.0,18570.0,45628.0
19157,5645.0,4301.0,10106.0
19159,1964.0,708.0,2703.0
19161,4052.0,1383.0,5512.0
19163,43683.0,46926.0,92324.0
19165,4697.0,1959.0,6781.0
19167,15669.0,3017.0,18943.0
19169,20200.0,28975.0,50472.0
19171,5299.0,3573.0,9017.0
19173,2463.0,746.0,3242.0
19175,4010.0,2061.0,6171.0
19177,2857.0,874.0,3777.0
19179,9516.0,5821.0,15613.0
19181,17738.0,12537.0,30869.0
19183,6971.0,4561.0,11745.0
19185,2338.0,727.0,3103.0
19187,10938.0,6613.0,17790.0
19189,3707.0,2135.0,5951.0
19191,6235.0,5617.0,12036.0
19193,25700.0,18683.0,45114.0
19195,2738.0,1596.0,4414.0
19197,4135.0,1995.0,6240.0
16001,130699.0,120539.0,259389.0
16003,1941.0,591.0,2586.0
16005,23331.0,14682.0,39553.0
16007,2814.0,350.0,3215.0
16009,3878.0,977.0,4972.0
16011,15295.0,4124.0,19996.0
16013,4031.0,8919.0,13288.0
16015,3495.0,1214.0,4840.0
16017,18369.0,8310.0,27335.0
16019,37805.0,14254.0,53995.0
16021,4937.0,1220.0,6313.0
16023,1202.0,188.0,1415.0
16025,507.0,149.0,754.0
16027,61759.0,25881.0,90410.0
16029,2906.0,431.0,3416.0
16031,7907.0,1464.0,9629.0
16033,264.0,41.0,311.0
16035,3453.0,877.0,4419.0
16037,2089.0,603.0,2737.0
16039,7246.0,2601.0,10205.0
16041,5845.0,657.0,6664.0
16043,5548.0,998.0,6719.0
16045,7951.0,1803.0,9958.0
16047,4659.0,1256.0,6050.0
16049,7826.0,1561.0,9602.0
16051,12099.0,1658.0,14171.0
16053,5734.0,1893.0,7812.0
16055,62837.0,24312.0,89467.0
16057,9463.0,10199.0,20521.0
16059,3592.0,1032.0,4738.0
16061,1489.0,349.0,1870.0
16063,1469.0,414.0,1940.0
16065,13559.0,2666.0,17112.0
16067,6265.0,1550.0,7993.0
16069,13738.0,6686.0,20967.0
16071,2148.0,249.0,2451.0
16073,3819.0,816.0,4742.0
16075,8862.0,2161.0,11293.0
16077,2116.0,865.0,3074.0
16079,4216.0,1693.0,6049.0
16081,2858.0,3318.0,6347.0
16083,25897.0,9391.0,36501.0
16085,3947.0,2976.0,7063.0
16087,4154.0,1073.0,5344.0
17001,24131.0,8569.0,33357.0
17003,0.0,0.0,0.0
17005,5612.0,2275.0,8109.0
17007,13762.0,10372.0,24672.0
17009,1930.0,485.0,2519.0
17011,10296.0,6545.0,17182.0
17013,2043.0,674.0,2766.0
17015,5098.0,2737.0,8006.0
17017,3624.0,1615.0,5316.0
17019,34774.0,55173.0,92520.0
17021,11505.0,4286.0,16094.0
17023,6215.0,1990.0,8340.0
17025,5626.0,1129.0,6883.0
17027,14264.0,4459.0,19095.0
17029,13981.0,7997.0,22470.0
17031,487338.0,1403246.0,1919396.0
17033,7025.0,2198.0,9403.0
17035,4595.0,1141.0,5824.0
17037,21818.0,24484.0,47552.0
17039,5623.0,2171.0,7994.0
17041,6221.0,2327.0,8724.0
17043,187957.0,269638.0,467186.0
17045,6169.0,1869.0,8152.0
17047,2833.0,488.0,3366.0
17049,14983.0,3700.0,19007.0
17051,8025.0,1815.0,10010.0
17053,4956.0,1691.0,6795.0
17055,13514.0,4690.0,18445.0
17057,9798.0,6371.0,16471.0
17059,2019.0,621.0,2673.0
17061,4767.0,1349.0,6224.0
17063,16372.0,9445.0,26337.0
17065,3429.0,821.0,4308.0
17067,5309.0,1114.0,6549.0
17069,0.0,0.0,0.0
17071,2391.0,1186.0,3643.0
17073,15266.0,9762.0,25559.0
17075,10858.0,2895.0,13991.0
17077,10835.0,11104.0,22502.0
17079,4492.0,1006.0,5573.0
17081,12461.0,4597.0,17377.0
17083,8699.0,2956.0,11919.0
17085,7161.0,5097.0,12477.0
17087,5052.0,1280.0,6429.0
17089,96739.0,130069.0,231721.0
17091,28410.0,20112.0,49592.0
17093,28515.0,31394.0,61119.0
17095,11818.0,10421.0,22654.0
17097,105416.0,144674.0,254827.0
17099,29482.0,21491.0,51960.0
17101,4849.0,1414.0,6368.0
17103,9584.0,6368.0,16308.0
17105,12134.0,4568.0,17049.0
17107,9042.0,3769.0,13117.0
17109,7009.0,4973.0,12248.0
17111,79396.0,73610.0,156157.0
17113,40365.0,43719.0,86624.0
17115,28373.0,19633.0,48934.0
17117,16058.0,7313.0,23871.0
17119,75272.0,56845.0,135275.0
17121,12540.0,4396.0,17180.0
17123,4196.0,2004.0,6332.0
17125,4645.0,1984.0,6756.0
17127,4989.0,1719.0,6798.0
17129,4772.0,2003.0,6913.0
17131,5328.0,3212.0,8729.0
17133,14046.0,6489.0,20966.0
17135,9504.0,3889.0,13667.0
17137,9903.0,5020.0,15205.0
17139,4938.0,1645.0,6698.0
17141,16092.0,9300.0,25972.0
17143,37612.0,42600.0,82267.0
17145,7305.0,2609.0,10042.0
17147,6219.0,3302.0,9762.0
17149,6235.0,1458.0,7820.0
17151,1720.0,432.0,2172.0
17153,1699.0,891.0,2624.0
17155,1978.0,1309.0,3345.0
17157,11065.0,3590.0,14877.0
17159,6078.0,1824.0,8045.0
17161,28585.0,36647.0,66691.0
17163,56000.0,66698.0,125206.0
17165,8096.0,2786.0,11056.0
17167,53303.0,48756.0,104395.0
17169,2767.0,1064.0,3896.0
17171,2104.0,569.0,2724.0
17173,9396.0,2488.0,12049.0
17175,2000.0,814.0,2878.0
17177,12253.0,8756.0,21446.0
17179,42194.0,24486.0,68358.0
17181,6157.0,2575.0,8878.0
17183,20710.0,10313.0,31559.0
17185,4228.0,1248.0,5578.0
17187,4671.0,3087.0,7901.0
17189,6110.0,1639.0,7895.0
17191,7172.0,1185.0,8479.0
17193,5788.0,1517.0,7418.0
17195,14472.0,12195.0,27254.0
17197,149695.0,174226.0,329504.0
17199,22681.0,10107.0,33426.0
17201,47441.0,71670.0,121683.0
17203,14590.0,5976.0,21013.0
18001,10685.0,3236.0,14208.0
18003,91885.0,72825.0,168414.0
18005,22409.0,12934.0,36215.0
18007,3007.0,1009.0,4108.0
18009,3838.0,1376.0,5345.0
18011,22351.0,15244.0,38500.0
18013,5725.0,2996.0,8886.0
18015,7086.0,2224.0,9495.0
18017,10551.0,4301.0,15185.0
18019,33656.0,23088.0,57852.0
18021,9498.0,2549.0,12255.0
18023,9334.0,3361.0,12941.0
18025,3499.0,1369.0,4975.0
18027,9576.0,2169.0,11949.0
18029,19441.0,5433.0,25258.0
18031,9570.0,2436.0,12279.0
18033,14237.0,4966.0,19628.0
18035,26724.0,20328.0,47940.0
18037,15032.0,6292.0,21756.0
18039,46311.0,25413.0,72934.0
18041,7755.0,2237.0,10136.0
18043,23385.0,17507.0,41742.0
18045,6151.0,1627.0,7978.0
18047,9691.0,2137.0,11997.0
18049,6667.0,2274.0,9110.0
18051,11817.0,4027.0,16165.0
18053,18543.0,8015.0,27142.0
18055,11103.0,3389.0,14782.0
18057,101563.0,88367.0,193823.0
18059,28816.0,12821.0,42645.0
18061,14542.0,5334.0,20198.0
18063,53688.0,32453.0,88184.0
18065,14526.0,5442.0,20388.0
18067,26400.0,13270.0,40526.0
18069,13147.0,4254.0,17809.0
18071,14555.0,4302.0,19238.0
18073,11383.0,3798.0,15469.0
18075,6361.0,1926.0,8456.0
18077,9659.0,4735.0,14689.0
18079,9362.0,2464.0,12059.0
18081,51209.0,24729.0,77555.0
18083,11654.0,4067.0,16003.0
18085,26476.0,8350.0,35728.0
18087,8110.0,2355.0,10633.0
18089,91733.0,124801.0,219745.0
18091,25991.0,22419.0,49378.0
18093,15601.0,4961.0,21025.0
18095,31153.0,19459.0,51633.0
18097,133968.0,247265.0,388450.0
18099,13841.0,5712.0,19915.0
18101,4029.0,1011.0,5144.0
18103,10925.0,3235.0,14466.0
18105,22062.0,39855.0,63020.0
18107,11874.0,4008.0,16164.0
18109,27510.0,7777.0,36148.0
18111,4942.0,1509.0,6591.0
18113,14195.0,4660.0,19190.0
18115,2392.0,750.0,3164.0
18117,6432.0,2224.0,8830.0
18119,7285.0,2419.0,9902.0
18121,5398.0,1503.0,7011.0
18123,5343.0,3202.0,8719.0
18125,4692.0,1415.0,6220.0
18127,44899.0,39537.0,86089.0
18129,9206.0,3811.0,13231.0
18131,4246.0,1463.0,5806.0
18133,12278.0,3946.0,16595.0
18135,8312.0,2512.0,11067.0
18137,11261.0,2774.0,14264.0
18139,6035.0,1754.0,7932.0
18141,53152.0,59870.0,114945.0
18143,7328.0,2698.0,10160.0
18145,14568.0,5023.0,19991.0
18147,7354.0,3208.0,10761.0
18149,7466.0,2650.0,10290.0
18151,11322.0,4509.0,16143.0
18153,6687.0,2153.0,8990.0
18155,3133.0,964.0,4152.0
18157,34571.0,34993.0,71395.0
18159,6110.0,1834.0,8115.0
18161,2687.0,736.0,3482.0
18163,41838.0,34404.0,77563.0
18165,5184.0,2145.0,7480.0
18167,24512.0,18080.0,43489.0
18169,10762.0,3494.0,14573.0
18171,3401.0,974.0,4471.0
18173,21324.0,11919.0,33800.0
18175,9112.0,2783.0,12126.0
18177,17567.0,9524.0,27662.0
18179,10855.0,2928.0,14044.0
18181,7353.0,2868.0,10376.0
18183,12856.0,4233.0,17542.0
20001,4155.0,1559.0,5816.0
20003,2874.0,765.0,3720.0
20005,4826.0,2314.0,7312.0
20007,1992.0,284.0,2313.0
20009,8480.0,2302.0,10961.0
20011,4910.0,1505.0,6525.0
20013,3206.0,1088.0,4396.0
20015,22250.0,9003.0,31946.0
20017,1114.0,341.0,1478.0
20019,1397.0,212.0,1634.0
20021,6622.0,2163.0,8945.0
20023,1158.0,220.0,1400.0
20025,885.0,143.0,1048.0
20027,3129.0,883.0,4120.0
20029,3182.0,893.0,4174.0
20031,3407.0,928.0,4440.0
20033,745.0,126.0,899.0
20035,9442.0,4171.0,13911.0
20037,9752.0,5971.0,16125.0
20039,1232.0,208.0,1458.0
20041,7045.0,2040.0,9246.0
20043,2949.0,678.0,3674.0
20045,16737.0,39436.0,57540.0
20047,1127.0,267.0,1413.0
20049,1130.0,191.0,1347.0
20051,9569.0,3633.0,13501.0
20053,2106.0,646.0,2806.0
20055,7079.0,4155.0,11466.0
20057,5763.0,2926.0,8850.0
20059,8326.0,3623.0,12247.0
20061,5193.0,3825.0,9311.0
20063,1256.0,163.0,1433.0
20065,1052.0,222.0,1302.0
20067,1910.0,497.0,2452.0
20069,1871.0,337.0,2240.0
20071,537.0,77.0,628.0
20073,2404.0,562.0,3030.0
20075,684.0,134.0,837.0
20077,2128.0,453.0,2626.0
20079,10015.0,6652.0,17034.0
20081,1103.0,261.0,1383.0
20083,866.0,151.0,1033.0
20085,4435.0,1852.0,6468.0
20087,6193.0,3106.0,9544.0
20089,1369.0,211.0,1608.0
20091,151280.0,177925.0,336277.0
20093,1134.0,255.0,1413.0
20095,3102.0,745.0,3910.0
20097,957.0,153.0,1139.0
20099,5639.0,2607.0,8414.0
20101,757.0,114.0,888.0
20103,21378.0,13753.0,36115.0
20105,1273.0,266.0,1570.0
20107,3940.0,863.0,4903.0
20109,1231.0,185.0,1437.0
20111,7381.0,5878.0,13622.0
20113,9562.0,3977.0,13868.0
20115,4377.0,1463.0,5969.0
20117,3662.0,1239.0,5023.0
20119,1508.0,261.0,1807.0
20121,12116.0,5133.0,17624.0
20123,2454.0,547.0,3039.0
20125,9768.0,3147.0,13177.0
20127,2085.0,721.0,2849.0
20129,1004.0,147.0,1163.0
20131,4612.0,920.0,5625.0
20133,4795.0,1727.0,6629.0
20135,1315.0,147.0,1487.0
20137,1977.0,361.0,2382.0
20139,5591.0,2099.0,7878.0
20141,1590.0,275.0,1899.0
20143,2581.0,504.0,3159.0
20145,2028.0,635.0,2712.0
20147,2388.0,318.0,2752.0
20149,9247.0,3257.0,12815.0
20151,3087.0,924.0,4107.0
20153,1253.0,214.0,1496.0
20155,17948.0,8602.0,27129.0
20157,2172.0,420.0,2643.0
20159,3187.0,953.0,4230.0
20161,11174.0,11940.0,23855.0
20163,2294.0,332.0,2661.0
20165,1425.0,291.0,1748.0
20167,2765.0,591.0,3429.0
20169,15313.0,8022.0,23911.0
20171,1991.0,290.0,2322.0
20173,117653.0,90820.0,213552.0
20175,3285.0,1736.0,5099.0
20177,39890.0,42032.0,84061.0
20179,1237.0,144.0,1397.0
20181,2222.0,386.0,2668.0
20183,1734.0,328.0,2092.0
20185,1631.0,355.0,2017.0
20187,607.0,147.0,767.0
20189,1731.0,233.0,1997.0
20191,7998.0,2551.0,10779.0
20193,3106.0,622.0,3782.0
20195,1341.0,238.0,1603.0
20197,2813.0,956.0,3861.0
20199,762.0,44.0,817.0
20201,2332.0,467.0,2843.0
20203,803.0,147.0,961.0
20205,3111.0,711.0,3899.0
20207,1189.0,283.0,1495.0
20209,18512.0,35566.0,55107.0
21001,7276.0,1392.0,8763.0
21003,7586.0,1642.0,9363.0
21005,9657.0,3347.0,13240.0
21007,3356.0,825.0,4225.0
21009,14654.0,5127.0,20055.0
21011,3986.0,1573.0,5627.0
21013,8140.0,1789.0,10044.0
21015,44811.0,20897.0,66953.0
21017,6190.0,3296.0,9643.0
21019,14295.0,7083.0,21741.0
21021,8872.0,5298.0,14467.0
21023,3398.0,800.0,4244.0
21025,4265.0,1301.0,5661.0
21027,7701.0,2350.0,10197.0
21029,30708.0,10551.0,41964.0
21031,4960.0,1079.0,6122.0
21033,4906.0,1433.0,6428.0
21035,11351.0,5794.0,17443.0
21037,28482.0,19373.0,48833.0
21039,2159.0,463.0,2638.0
21041,2954.0,1116.0,4135.0
21043,8775.0,2642.0,11585.0
21045,6179.0,918.0,7171.0
21047,15080.0,8296.0,23863.0
21049,11811.0,6004.0,18128.0
21051,6677.0,831.0,7590.0
21053,4280.0,603.0,4932.0
21055,3451.0,731.0,4242.0
21057,2769.0,508.0,3309.0
21059,31023.0,17283.0,49240.0
21061,4828.0,1227.0,6131.0
21063,2246.0,712.0,2995.0
21065,5100.0,1355.0,6538.0
21067,58845.0,90566.0,152664.0
21069,5534.0,1474.0,7066.0
21071,12250.0,3884.0,16351.0
21073,12900.0,12650.0,26059.0
21075,1605.0,791.0,2421.0
21077,2955.0,822.0,3849.0
21079,6754.0,1830.0,8703.0
21081,8725.0,2205.0,11106.0
21083,13206.0,3559.0,17018.0
21085,9453.0,2400.0,11983.0
21087,4838.0,920.0,5812.0
21089,13064.0,4873.0,18176.0
21091,3145.0,1351.0,4587.0
21093,29832.0,18101.0,48941.0
21095,9367.0,1494.0,10971.0
21097,6334.0,2400.0,8853.0
21099,6345.0,1908.0,8369.0
21101,12730.0,7639.0,20688.0
21103,5843.0,2142.0,8107.0
21105,1714.0,458.0,2199.0
21107,15757.0,5439.0,21509.0
21109,5453.0,605.0,6113.0
21111,150619.0,228288.0,386093.0
21113,17096.0,8567.0,26251.0
21115,8450.0,1608.0,10192.0
21117,48123.0,32265.0,82108.0
21119,4779.0,1412.0,6251.0
21121,11012.0,2114.0,13273.0
21123,5685.0,1504.0,7301.0
21125,23234.0,4474.0,28097.0
21127,5633.0,1238.0,6955.0
21129,2159.0,459.0,2659.0
21131,4321.0,446.0,4811.0
21133,7226.0,1799.0,9135.0
21135,4986.0,823.0,5883.0
21137,8489.0,2254.0,10913.0
21139,4010.0,939.0,5003.0
21141,9067.0,3094.0,12346.0
21143,3100.0,1092.0,4228.0
21145,21820.0,11190.0,33521.0
21147,5664.0,725.0,6435.0
21149,3633.0,1074.0,4782.0
21151,27353.0,15580.0,43903.0
21153,4174.0,1213.0,5446.0
21155,6113.0,2722.0,8928.0
21157,13297.0,4071.0,17601.0
21159,3496.0,403.0,3930.0
21161,5477.0,2362.0,7958.0
21163,10184.0,3632.0,14110.0
21165,2311.0,750.0,3102.0
21167,8506.0,3033.0,11735.0
21169,3959.0,975.0,5012.0
21171,4628.0,657.0,5330.0
21173,8993.0,3630.0,12837.0
21175,4297.0,1172.0,5535.0
21177,10496.0,3544.0,14229.0
21179,15703.0,7188.0,23245.0
21181,2408.0,955.0,3396.0
21183,8582.0,2404.0,11127.0
21185,22651.0,14504.0,37936.0
21187,4292.0,1098.0,5456.0
21189,1670.0,216.0,1895.0
21191,5515.0,1322.0,6925.0
21193,8118.0,2350.0,10606.0
21195,20279.0,4862.0,25368.0
21197,4041.0,1367.0,5505.0
21199,25441.0,5664.0,31537.0
21201,884.0,253.0,1146.0
21203,6577.0,1134.0,7783.0
21205,5994.0,3880.0,10058.0
21207,7506.0,1329.0,8939.0
21209,17764.0,10564.0,28950.0
21211,15054.0,8076.0,23542.0
21213,5888.0,2681.0,8732.0
21215,8737.0,2530.0,11429.0
21217,9376.0,2961.0,12510.0
21219,4060.0,1202.0,5351.0
21221,5487.0,1791.0,7375.0
21223,3227.0,1012.0,4319.0
21225,4965.0,1529.0,6576.0
21227,31790.0,22477.0,55351.0
21229,4482.0,1644.0,6223.0
21231,7430.0,1700.0,9240.0
21233,4506.0,1412.0,5991.0
21235,12567.0,2552.0,15347.0
21237,2097.0,839.0,2979.0
21239,8362.0,6530.0,15211.0
22001,22596.0,5443.0,28425.0
22003,7574.0,2108.0,9810.0
22005,40682.0,20397.0,62317.0
22007,7271.0,3833.0,11235.0
22009,12028.0,4979.0,17292.0
22011,13575.0,2542.0,16357.0
22013,3891.0,3066.0,7049.0
22015,38065.0,15658.0,54642.0
22017,47927.0,54993.0,104699.0
22019,55062.0,25982.0,82659.0
22021,3976.0,745.0,4762.0
22023,3670.0,324.0,4038.0
22025,3541.0,1269.0,4858.0
22027,3770.0,2731.0,6580.0
22029,5550.0,3177.0,8828.0
22031,9111.0,5446.0,14724.0
22033,88396.0,115533.0,208111.0
22035,1080.0,1900.0,3036.0
22037,6064.0,4280.0,10509.0
22039,11053.0,4158.0,15412.0
22041,6970.0,2658.0,9720.0
22043,8117.0,1157.0,9392.0
22045,21249.0,11027.0,32711.0
22047,7893.0,8514.0,16719.0
22049,5394.0,2143.0,7632.0
22051,105890.0,84438.0,193631.0
22053,11423.0,3208.0,14841.0
22055,72518.0,39685.0,114520.0
22057,36020.0,8668.0,45380.0
22059,6348.0,574.0,6982.0
22061,11311.0,7559.0,19275.0
22063,54870.0,9249.0,65222.0
22065,1930.0,2654.0,4670.0
22067,6510.0,4946.0,11574.0
22069,9358.0,6896.0,16554.0
22071,26645.0,147729.0,177670.0
22073,42245.0,25905.0,69148.0
22075,7411.0,3413.0,11012.0
22077,7503.0,4683.0,12371.0
22079,38346.0,19472.0,58861.0
22081,2413.0,1644.0,4132.0
22083,6607.0,3225.0,9940.0
22085,8776.0,1731.0,10596.0
22087,11178.0,6151.0,17649.0
22089,18233.0,9800.0,28517.0
22091,2714.0,3346.0,6158.0
22093,5954.0,6509.0,12589.0
22095,7538.0,13581.0,21431.0
22097,23167.0,17371.0,41149.0
22099,18203.0,8439.0,27038.0
22101,14810.0,8054.0,23184.0
22103,99665.0,37744.0,140107.0
22105,37799.0,18883.0,57650.0
22107,1195.0,1326.0,2549.0
22109,34339.0,11198.0,46240.0
22111,8406.0,2654.0,11200.0
22113,21930.0,5009.0,27324.0
22115,14104.0,2897.0,17264.0
22117,13307.0,5970.0,19513.0
22119,11829.0,6172.0,18215.0
22121,7684.0,6200.0,14097.0
22123,4317.0,710.0,5052.0
22125,3863.0,2298.0,6268.0
22127,4617.0,1543.0,6223.0
25023,119839.0,169811.0,295173.0
25017,223244.0,599059.0,837192.0
25005,117012.0,149276.0,271217.0
25003,17908.0,51027.0,70301.0
25013,86630.0,124534.0,215197.0
25009,142987.0,261012.0,411015.0
25015,21929.0,62036.0,85706.0
25027,169949.0,244294.0,423789.0
25011,11174.0,29824.0,42035.0
25021,123735.0,268064.0,398631.0
25001,54150.0,89688.0,146266.0
25025,55699.0,252661.0,312597.0
25007,2609.0,9818.0,12645.0
25019,1912.0,5234.0,7268.0
24001,19939.0,8050.0,28419.0
24003,117534.0,150240.0,273060.0
24005,122520.0,189100.0,316908.0
24510,23872.0,193130.0,220396.0
24009,24957.0,22185.0,48023.0
24011,9237.0,3572.0,13110.0
24013,58883.0,35316.0,96848.0
24015,28257.0,15459.0,44672.0
24017,21419.0,42306.0,64714.0
24019,7804.0,5295.0,13371.0
24021,61692.0,73491.0,138233.0
24023,11654.0,3098.0,15045.0
24025,77238.0,57749.0,137829.0
24027,46779.0,123629.0,173750.0
24029,4900.0,4914.0,10015.0
24031,77648.0,301283.0,385067.0
24033,33971.0,343723.0,383612.0
24035,18179.0,10209.0,28990.0
24037,30245.0,22511.0,54097.0
24039,5405.0,3542.0,9073.0
24041,10524.0,10408.0,21305.0
24043,38232.0,23448.0,62781.0
24045,21878.0,20150.0,42944.0
24047,16380.0,9795.0,26511.0
23021,5885.0,3422.0,9698.0
23031,54815.0,71184.0,129647.0
23029,10115.0,6568.0,17077.0
23011,34713.0,34873.0,71809.0
23003,21554.0,14133.0,36861.0
23015,10256.0,12684.0,23572.0
23019,44653.0,37635.0,85007.0
23009,14972.0,19364.0,35297.0
23017,17695.0,14750.0,33483.0
23025,16472.0,10136.0,27328.0
23013,9978.0,15109.0,25727.0
23023,9755.0,13528.0,24036.0
23007,8640.0,7945.0,17095.0
23005,59571.0,128770.0,193737.0
23027,11186.0,12343.0,24309.0
23001,29242.0,27579.0,58634.0
26001,4848.0,2142.0,7063.0
26003,3014.0,2053.0,5128.0
26005,41381.0,24447.0,67069.0
26007,10686.0,6000.0,16966.0
26009,9783.0,7289.0,17327.0
26011,5928.0,2773.0,8830.0
26013,2512.0,1475.0,4033.0
26015,23473.0,11804.0,35914.0
26017,30919.0,21718.0,53505.0
26019,6600.0,5480.0,12259.0
26021,43518.0,37438.0,82378.0
26023,14066.0,6161.0,20540.0
26025,35900.0,28417.0,65568.0
26027,16686.0,9122.0,26192.0
26029,9841.0,6939.0,17000.0
26031,10171.0,5435.0,15849.0
26033,10682.0,6651.0,17644.0
26035,10861.0,5199.0,16281.0
26037,25095.0,21963.0,47902.0
26039,4955.0,2612.0,7665.0
26041,13206.0,7605.0,21149.0
26043,8469.0,4569.0,13243.0
26045,31797.0,31297.0,64301.0
26047,12135.0,9662.0,22176.0
26049,99199.0,120082.0,222504.0
26051,9893.0,4524.0,14603.0
26053,4600.0,3573.0,8269.0
26055,30502.0,28682.0,60226.0
26057,12104.0,6693.0,19128.0
26059,17037.0,5883.0,23288.0
26061,10380.0,7755.0,18508.0
26063,11949.0,5349.0,17508.0
26065,47640.0,94221.0,144514.0
26067,20655.0,10899.0,32201.0
26069,9760.0,5371.0,15358.0
26071,4216.0,2493.0,6789.0
26073,14815.0,14072.0,29409.0
26075,47381.0,32004.0,80863.0
26077,56823.0,83674.0,143363.0
26079,7436.0,3003.0,10627.0
26081,165318.0,186753.0,359223.0
26083,862.0,672.0,1557.0
26085,3946.0,2288.0,6323.0
26087,35480.0,16368.0,52639.0
26089,7915.0,8793.0,16895.0
26091,31539.0,20916.0,53370.0
26093,76980.0,48218.0,127162.0
26095,2109.0,842.0,3001.0
26097,4258.0,2589.0,6922.0
26099,264535.0,225561.0,496523.0
26101,8321.0,6107.0,14654.0
26103,16287.0,20465.0,37459.0
26105,10207.0,6802.0,17249.0
26107,13265.0,7373.0,21042.0
26109,8117.0,4315.0,12605.0
26111,27675.0,20493.0,49073.0
26113,6648.0,1967.0,8754.0
26115,52710.0,32975.0,87148.0
26117,21815.0,9703.0,32086.0
26119,4171.0,1628.0,5859.0
26121,44544.0,45508.0,91701.0
26123,18864.0,7874.0,27164.0
26125,325916.0,433982.0,769987.0
26127,8892.0,4944.0,14062.0
26129,8253.0,3475.0,11907.0
26131,2358.0,1391.0,3804.0
26133,8928.0,3214.0,12329.0
26135,3466.0,1342.0,4874.0
26137,9779.0,4743.0,14756.0
26139,100511.0,64566.0,168074.0
26141,5343.0,2912.0,8344.0
26143,9670.0,5166.0,15018.0
26145,50784.0,51068.0,103326.0
26147,59184.0,31363.0,92062.0
26149,18128.0,9262.0,27936.0
26151,16194.0,5966.0,22446.0
26153,3090.0,1589.0,4745.0
26155,23154.0,15371.0,39250.0
26157,20310.0,8713.0,29458.0
26159,21591.0,16800.0,39060.0
26161,56241.0,157130.0,216273.0
26163,264149.0,587074.0,861821.0
26165,12102.0,5838.0,18265.0
27001,6256.0,3604.0,10005.0
27003,104894.0,100886.0,210474.0
27005,12438.0,6589.0,19358.0
27007,12181.0,11423.0,24120.0
27009,14375.0,7280.0,22211.0
27011,1862.0,1052.0,2968.0
27013,16721.0,18319.0,35946.0
27015,9552.0,4753.0,14595.0
27017,9787.0,10094.0,20312.0
27019,34006.0,30761.0,66104.0
27021,11619.0,6339.0,18251.0
27023,4250.0,2226.0,6599.0
27025,21909.0,11798.0,34482.0
27027,15043.0,16357.0,32138.0
27029,3371.0,1258.0,4696.0
27031,1202.0,2494.0,3781.0
27033,4165.0,1834.0,6097.0
27035,25668.0,13723.0,40062.0
27037,109183.0,145510.0,260135.0
27039,7774.0,4074.0,12143.0
27041,15790.0,7864.0,24106.0
27043,5186.0,2529.0,7885.0
27045,7301.0,4551.0,12104.0
27047,9578.0,6889.0,16791.0
27049,16052.0,11805.0,28566.0
27051,2269.0,1300.0,3650.0
27053,205877.0,532373.0,752818.0
27055,6334.0,4851.0,11417.0
27057,8202.0,4462.0,12927.0
27059,16491.0,7138.0,24162.0
27061,15232.0,10784.0,26502.0
27063,3945.0,1744.0,5809.0
27065,6276.0,2773.0,9221.0
27067,14433.0,8434.0,23301.0
27069,1546.0,1006.0,2630.0
27071,4131.0,2657.0,6903.0
27073,2529.0,1445.0,4034.0
27075,3393.0,3647.0,7183.0
27077,1704.0,671.0,2405.0
27079,10774.0,5669.0,16772.0
27081,2120.0,937.0,3111.0
27083,7979.0,4630.0,12860.0
27085,13983.0,6409.0,20881.0
27087,1142.0,1110.0,2300.0
27089,3716.0,1293.0,5093.0
27091,7476.0,3304.0,10974.0
27093,9352.0,3865.0,13487.0
27095,9948.0,4401.0,14658.0
27097,14815.0,4365.0,19517.0
27099,10016.0,8896.0,19288.0
27101,3362.0,1449.0,4882.0
27103,9018.0,9622.0,19070.0
27105,5598.0,2928.0,8685.0
27107,1954.0,1404.0,3434.0
27109,39687.0,49486.0,91074.0
27111,23794.0,11940.0,36285.0
27113,4532.0,2565.0,7260.0
27115,10256.0,5416.0,15969.0
27117,3553.0,1306.0,4932.0
27119,9857.0,5435.0,15555.0
27121,4413.0,2476.0,7002.0
27123,77324.0,211362.0,294513.0
27125,1450.0,689.0,2184.0
27127,5768.0,2355.0,8264.0
27129,5465.0,2497.0,8115.0
27131,17455.0,17386.0,35582.0
27133,3582.0,1556.0,5227.0
27135,6053.0,2182.0,8390.0
27137,49239.0,67843.0,119550.0
27139,45840.0,40007.0,87664.0
27141,36221.0,18065.0,55486.0
27143,5864.0,2417.0,8437.0
27145,50959.0,31881.0,84644.0
27147,12656.0,7916.0,21075.0
27149,3044.0,1921.0,5065.0
27151,3316.0,1784.0,5185.0
27153,9755.0,3286.0,13238.0
27155,1173.0,662.0,1864.0
27157,8149.0,4691.0,13088.0
27159,5517.0,2021.0,7656.0
27161,6624.0,3496.0,10364.0
27163,73749.0,89136.0,166222.0
27165,3103.0,1987.0,5191.0
27167,2333.0,1027.0,3435.0
27169,13227.0,13333.0,27108.0
27171,53565.0,30854.0,86288.0
27173,3734.0,1685.0,5510.0
29001,6391.0,3705.0,10308.0
29003,7256.0,2351.0,9753.0
29005,2199.0,564.0,2814.0
29007,7727.0,2703.0,10644.0
29009,12425.0,2948.0,15598.0
29011,5168.0,844.0,6077.0
29013,6595.0,1672.0,8413.0
29015,8106.0,2179.0,10469.0
29017,5162.0,749.0,5977.0
29019,38596.0,49999.0,91004.0
29021,22450.0,13445.0,36598.0
29023,14599.0,3301.0,18136.0
29025,3725.0,897.0,4682.0
29027,14812.0,5868.0,21135.0
29029,18825.0,5640.0,24774.0
29031,28873.0,10738.0,40252.0
29033,3706.0,785.0,4531.0
29035,2451.0,418.0,2897.0
29037,37172.0,19035.0,57355.0
29039,5786.0,1143.0,7039.0
29041,3109.0,916.0,4074.0
29043,34904.0,11126.0,46804.0
29045,2672.0,678.0,3394.0
29047,64583.0,59519.0,126618.0
29049,7789.0,2894.0,10876.0
29051,26066.0,12687.0,39486.0
29053,6272.0,2249.0,8690.0
29055,8725.0,2113.0,10973.0
29057,3414.0,656.0,4119.0
29059,6620.0,1380.0,8105.0
29061,3077.0,740.0,3875.0
29063,3827.0,930.0,4842.0
29065,5987.0,1056.0,7142.0
29067,5896.0,1012.0,6994.0
29069,8135.0,2200.0,10419.0
29071,38034.0,14561.0,53644.0
29073,6222.0,1601.0,7923.0
29075,2580.0,613.0,3234.0
29077,81312.0,53307.0,137567.0
29079,3585.0,799.0,4437.0
29081,3198.0,597.0,3825.0
29083,8019.0,2615.0,10776.0
29085,3965.0,1054.0,5077.0
29087,1976.0,338.0,2343.0
29089,3552.0,1412.0,5089.0
29091,15174.0,3214.0,18637.0
29093,3596.0,945.0,4592.0
29097,37714.0,13539.0,52322.0
29099,77021.0,37507.0,116629.0
29101,15468.0,6961.0,23085.0
29103,1486.0,340.0,1854.0
29105,13755.0,2779.0,16783.0
29107,12262.0,4470.0,17038.0
29109,14421.0,3214.0,17900.0
29111,3541.0,984.0,4597.0
29113,21702.0,6553.0,28814.0
29115,4344.0,1274.0,5700.0
29117,5266.0,1409.0,6755.0
29119,7465.0,1437.0,9050.0
29121,6075.0,1661.0,7834.0
29123,4581.0,1017.0,5671.0
29125,3890.0,814.0,4769.0
29127,9910.0,3201.0,13339.0
29129,1541.0,222.0,1779.0
29131,10175.0,2038.0,12379.0
29133,3537.0,1178.0,4756.0
29135,5738.0,1307.0,7150.0
29137,3466.0,931.0,4467.0
29139,4457.0,1206.0,5762.0
29141,7439.0,1924.0,9484.0
29143,5447.0,1748.0,7248.0
29145,22090.0,5793.0,28332.0
29147,6855.0,2849.0,9874.0
29149,3847.0,823.0,4739.0
29151,6341.0,1031.0,7449.0
29153,4064.0,752.0,4864.0
29155,4116.0,1556.0,5727.0
29157,7634.0,1661.0,9420.0
29159,13835.0,4776.0,19069.0
29161,13438.0,5619.0,19495.0
29163,5856.0,1717.0,7686.0
29165,29251.0,28111.0,58523.0
29167,11849.0,2883.0,15059.0
29169,10326.0,3735.0,14405.0
29171,1984.0,361.0,2361.0
29173,4396.0,1205.0,5662.0
29175,8018.0,2485.0,10742.0
29177,8328.0,3107.0,11628.0
29179,2733.0,529.0,3298.0
29181,4838.0,833.0,5716.0
29187,20506.0,7044.0,27996.0
29186,6627.0,2713.0,9481.0
29195,6447.0,2903.0,9514.0
29197,1606.0,373.0,2003.0
29199,1560.0,387.0,1983.0
29201,13769.0,3753.0,17718.0
29203,3164.0,706.0,3905.0
29205,2699.0,592.0,3349.0
29207,11460.0,1814.0,13397.0
29209,14716.0,3486.0,18378.0
29211,1974.0,478.0,2471.0
29213,20426.0,5325.0,26173.0
29215,9478.0,1716.0,11315.0
29217,7135.0,1902.0,9164.0
29219,13222.0,4769.0,18373.0
29221,8046.0,1804.0,9971.0
29223,4984.0,844.0,5874.0
29225,14874.0,3572.0,18772.0
29227,877.0,215.0,1107.0
29229,7452.0,1167.0,8737.0
29189,196808.0,322802.0,528075.0
29510,21185.0,108385.0,131765.0
29183,128193.0,89346.0,221601.0
29095,125897.0,198031.0,330425.0
29185,3930.0,988.0,4972.0
28001,5222.0,6914.0,12268.0
28003,12689.0,2741.0,15619.0
28005,3781.0,2114.0,5963.0
28007,4177.0,2644.0,6909.0
28009,2553.0,1661.0,4254.0
28011,4260.0,7203.0,11620.0
28013,4592.0,1878.0,6531.0
28015,3887.0,1705.0,5640.0
28017,3488.0,2904.0,6534.0
28019,2971.0,1170.0,4175.0
28021,589.0,3676.0,4338.0
28023,5372.0,2815.0,8268.0
28025,4147.0,5728.0,10037.0
28027,1846.0,5189.0,7130.0
28029,5407.0,5227.0,10786.0
28031,5083.0,2658.0,7826.0
28033,45788.0,27733.0,74889.0
28035,15326.0,10603.0,26483.0
28037,2894.0,1476.0,4428.0
28039,9602.0,1208.0,10926.0
28041,4740.0,952.0,5742.0
28043,4889.0,2866.0,7830.0
28045,13999.0,3095.0,17382.0
28047,41281.0,18499.0,60844.0
28049,21242.0,59192.0,81615.0
28051,1196.0,5182.0,6529.0
28053,1115.0,2994.0,4164.0
28055,308.0,355.0,676.0
28057,8656.0,1036.0,9818.0
28059,32563.0,12061.0,45406.0
28061,4256.0,4287.0,8636.0
28063,529.0,3325.0,3904.0
28065,2513.0,3557.0,6149.0
28067,19130.0,7017.0,26465.0
28069,1609.0,2275.0,3934.0
28071,9878.0,6904.0,17107.0
28073,17700.0,5821.0,23911.0
28075,17812.0,12668.0,30792.0
28077,4254.0,2240.0,6560.0
28079,4973.0,3358.0,8403.0
28081,21297.0,9911.0,31684.0
28083,2623.0,5444.0,8169.0
28085,10107.0,3978.0,14230.0
28087,11918.0,10010.0,22252.0
28089,26188.0,18931.0,45709.0
28091,7783.0,3421.0,11321.0
28093,6591.0,6283.0,13051.0
28095,9677.0,4565.0,14441.0
28097,2236.0,1507.0,3778.0
28099,8311.0,3247.0,11681.0
28101,6037.0,2542.0,8672.0
28103,1057.0,2867.0,3979.0
28105,7617.0,8243.0,16274.0
28107,6756.0,5798.0,12697.0
28109,19283.0,4068.0,23633.0
28111,4426.0,1340.0,5819.0
28113,7106.0,7328.0,14622.0
28115,11425.0,2580.0,14199.0
28117,7596.0,1808.0,9520.0
28119,1020.0,2138.0,3208.0
28121,39025.0,13496.0,53278.0
28123,5688.0,3575.0,9375.0
28125,575.0,1132.0,1729.0
28127,6552.0,3384.0,10061.0
28129,5697.0,1518.0,7285.0
28131,5239.0,1208.0,6546.0
28133,2755.0,6631.0,9485.0
28135,2488.0,3105.0,5685.0
28137,7594.0,3469.0,11249.0
28139,7119.0,1583.0,8802.0
28141,6951.0,839.0,7919.0
28143,912.0,2525.0,3491.0
28145,10289.0,2145.0,12579.0
28147,3426.0,2236.0,5718.0
28149,8481.0,7625.0,16311.0
28151,4114.0,6218.0,10497.0
28153,6264.0,3592.0,9978.0
28155,4255.0,1024.0,5340.0
28157,1311.0,2730.0,4095.0
28159,5084.0,4009.0,9176.0
28161,3658.0,2767.0,6503.0
28163,4370.0,4533.0,9007.0
30001,3923.0,1608.0,5661.0
30003,2185.0,2401.0,4669.0
30005,1469.0,1589.0,3121.0
30007,3139.0,830.0,4056.0
30009,4424.0,2412.0,6996.0
30011,775.0,74.0,864.0
30013,23199.0,15384.0,39688.0
30015,1888.0,988.0,2958.0
30017,4204.0,1510.0,5855.0
30019,799.0,195.0,1014.0
30021,3758.0,962.0,4825.0
30023,2184.0,2562.0,4888.0
30025,1375.0,172.0,1575.0
30027,4830.0,1491.0,6463.0
30029,38233.0,20238.0,59810.0
30031,31639.0,36964.0,70835.0
30033,764.0,41.0,813.0
30035,1882.0,3603.0,5608.0
30037,414.0,78.0,503.0
30039,1419.0,638.0,2102.0
30041,3952.0,2972.0,7167.0
30043,5345.0,2625.0,8151.0
30045,1040.0,275.0,1344.0
30047,9319.0,6911.0,16617.0
30049,21407.0,19741.0,42261.0
30051,821.0,249.0,1083.0
30053,8516.0,2812.0,11564.0
30055,956.0,155.0,1128.0
30057,4186.0,1770.0,6081.0
30059,833.0,258.0,1110.0
30061,1828.0,686.0,2562.0
30063,26336.0,43351.0,71478.0
30065,2423.0,413.0,2881.0
30067,6022.0,5277.0,11560.0
30069,298.0,39.0,348.0
30071,1936.0,414.0,2380.0
30073,2030.0,903.0,2994.0
30075,970.0,154.0,1136.0
30077,2347.0,752.0,3171.0
30079,603.0,126.0,744.0
30081,19103.0,8757.0,28490.0
30083,4792.0,874.0,5789.0
30085,1991.0,1902.0,4004.0
30087,2485.0,1199.0,3771.0
30089,5664.0,1824.0,7634.0
30091,1402.0,574.0,2029.0
30093,7790.0,10442.0,18804.0
30095,4430.0,1155.0,5690.0
30097,1840.0,549.0,2446.0
30099,2608.0,1007.0,3679.0
30101,1596.0,467.0,2119.0
30103,373.0,78.0,460.0
30105,3135.0,1030.0,4261.0
30107,823.0,225.0,1068.0
30109,516.0,77.0,598.0
30111,49548.0,29936.0,81774.0
37001,45490.0,38186.0,84710.0
37003,15806.0,4113.0,20088.0
37005,4501.0,1480.0,6032.0
37007,5321.0,5788.0,11183.0
37009,11368.0,4149.0,15691.0
37011,7092.0,2171.0,9339.0
37013,16352.0,9575.0,26128.0
37015,3778.0,5846.0,9676.0
37017,9623.0,7281.0,17009.0
37019,55373.0,32984.0,89183.0
37021,62253.0,96383.0,160855.0
37023,30814.0,12985.0,44182.0
37025,62974.0,51943.0,116396.0
37027,31877.0,10105.0,42359.0
37029,4277.0,1515.0,5879.0
37031,29886.0,11999.0,42367.0
37033,7040.0,4831.0,11962.0
37035,56203.0,25420.0,82586.0
37037,21055.0,26642.0,48199.0
37039,12568.0,3563.0,16312.0
37041,4458.0,3232.0,7747.0
37043,5074.0,1685.0,6828.0
37045,33664.0,16879.0,51024.0
37047,16696.0,9382.0,26219.0
37049,30943.0,21098.0,52826.0
37051,59808.0,84110.0,146204.0
37053,11566.0,4151.0,15973.0
37055,13844.0,9855.0,23994.0
37057,62143.0,21483.0,84655.0
37059,18115.0,6653.0,25059.0
37061,13703.0,8676.0,22510.0
37063,31827.0,142770.0,176716.0
37065,9162.0,16027.0,25344.0
37067,84176.0,111769.0,198469.0
37069,20748.0,15776.0,36997.0
37071,72132.0,40231.0,113571.0
37073,3354.0,2540.0,5944.0
37075,3673.0,902.0,4619.0
37077,16548.0,14448.0,31316.0
37079,4858.0,3820.0,8715.0
37081,106384.0,171538.0,281201.0
37083,9973.0,15382.0,25468.0
37085,34905.0,21839.0,57633.0
37087,22698.0,13095.0,36265.0
37089,39810.0,27014.0,67773.0
37091,3470.0,7077.0,10590.0
37093,9682.0,12036.0,22078.0
37095,1408.0,1035.0,2466.0
37097,66439.0,33426.0,101048.0
37099,11263.0,9522.0,21191.0
37101,67901.0,40861.0,110246.0
37103,3267.0,2175.0,5484.0
37105,16388.0,12076.0,28804.0
37107,14500.0,13494.0,28177.0
37109,36167.0,13178.0,49850.0
37111,16852.0,5813.0,22910.0
37113,14152.0,6213.0,20589.0
37115,7928.0,4878.0,12964.0
37117,6529.0,5910.0,12527.0
37119,178848.0,377367.0,563991.0
37121,7041.0,1852.0,8960.0
37123,8363.0,4305.0,12770.0
37125,36459.0,20547.0,57653.0
37127,25653.0,25702.0,51761.0
37129,62420.0,64876.0,129254.0
37131,3977.0,6048.0,10070.0
37133,45016.0,23474.0,70117.0
37135,19993.0,63097.0,84010.0
37137,4815.0,2699.0,7572.0
37139,9626.0,9653.0,19512.0
37141,21833.0,11655.0,33920.0
37143,4894.0,2485.0,7457.0
37145,13154.0,8451.0,21827.0
37147,38515.0,46607.0,86217.0
37149,7643.0,4485.0,12253.0
37151,56589.0,15506.0,72788.0
37153,11808.0,8718.0,20683.0
37155,26012.0,18094.0,44384.0
37157,30997.0,15811.0,47241.0
37159,49053.0,22889.0,72756.0
37161,24631.0,9049.0,34005.0
37163,17330.0,10832.0,28350.0
37165,7399.0,7137.0,14632.0
37167,25297.0,8037.0,33624.0
37169,19997.0,5258.0,25491.0
37171,27344.0,8635.0,36290.0
37173,4152.0,2765.0,7026.0
37175,11578.0,8413.0,20253.0
37177,1043.0,757.0,1812.0
37179,79778.0,48199.0,129475.0
37181,8385.0,12412.0,20948.0
37183,223466.0,388686.0,621816.0
37185,3739.0,6344.0,10207.0
37187,2778.0,3387.0,6191.0
37189,14395.0,17068.0,31988.0
37191,30505.0,23986.0,55019.0
37193,27397.0,7445.0,35145.0
37195,19437.0,20579.0,40352.0
37197,15861.0,3744.0,19794.0
37199,7481.0,3678.0,11282.0
38001,981.0,258.0,1269.0
38003,3532.0,1800.0,5491.0
38005,1094.0,822.0,1955.0
38007,541.0,72.0,634.0
38009,2575.0,821.0,3461.0
38011,1395.0,228.0,1653.0
38013,994.0,137.0,1151.0
38015,34744.0,14348.0,50460.0
38017,42619.0,40311.0,85425.0
38019,1499.0,474.0,2013.0
38021,1742.0,608.0,2413.0
38023,904.0,265.0,1199.0
38025,1951.0,342.0,2332.0
38027,854.0,383.0,1259.0
38029,1738.0,237.0,2002.0
38031,1362.0,373.0,1768.0
38033,871.0,137.0,1024.0
38035,16987.0,12880.0,30741.0
38037,1132.0,207.0,1367.0
38039,907.0,308.0,1249.0
38041,1086.0,195.0,1304.0
38043,1215.0,221.0,1458.0
38045,1645.0,527.0,2216.0
38047,930.0,128.0,1072.0
38049,2364.0,564.0,2996.0
38051,1153.0,261.0,1444.0
38053,4482.0,814.0,5406.0
38055,4198.0,1230.0,5524.0
38057,3856.0,704.0,4662.0
38059,12243.0,3872.0,16547.0
38061,2806.0,1251.0,4132.0
38063,1141.0,586.0,1770.0
38065,918.0,129.0,1065.0
38067,2460.0,786.0,3312.0
38069,1585.0,497.0,2120.0
38071,3577.0,1639.0,5344.0
38073,1418.0,945.0,2449.0
38075,1065.0,220.0,1317.0
38077,5072.0,2510.0,7773.0
38079,1257.0,2482.0,3799.0
38081,1266.0,738.0,2066.0
38083,688.0,104.0,808.0
38085,258.0,804.0,1110.0
38087,380.0,44.0,426.0
38089,12110.0,2499.0,15005.0
38091,652.0,392.0,1082.0
38093,6994.0,2676.0,9919.0
38095,828.0,317.0,1170.0
38097,2522.0,1493.0,4125.0
38099,3324.0,1333.0,4752.0
38101,19974.0,7293.0,28112.0
38103,1893.0,442.0,2367.0
38105,11707.0,2157.0,14221.0
31001,10085.0,4213.0,14602.0
31003,3093.0,452.0,3583.0
31005,260.0,21.0,284.0
31007,362.0,43.0,410.0
31009,280.0,35.0,317.0
31011,2653.0,499.0,3217.0
31013,4002.0,1051.0,5181.0
31015,1010.0,135.0,1153.0
31017,1468.0,190.0,1676.0
31019,16473.0,6292.0,23355.0
31021,2560.0,1061.0,3709.0
31023,3526.0,869.0,4478.0
31025,10121.0,4737.0,15284.0
31027,4174.0,725.0,4996.0
31029,1740.0,226.0,1993.0
31031,2844.0,373.0,3265.0
31033,3813.0,855.0,4765.0
31035,2848.0,632.0,3558.0
31037,2636.0,1025.0,3717.0
31039,3476.0,862.0,4412.0
31041,4996.0,768.0,5877.0
31043,3926.0,2744.0,6794.0
31045,2919.0,1076.0,4102.0
31047,6524.0,2497.0,9178.0
31049,871.0,141.0,1032.0
31051,2335.0,651.0,3083.0
31053,10963.0,5526.0,16835.0
31055,116696.0,146433.0,268417.0
31057,883.0,105.0,999.0
31059,2359.0,693.0,3134.0
31061,1434.0,276.0,1721.0
31063,1229.0,189.0,1440.0
31065,2163.0,399.0,2601.0
31067,7445.0,3385.0,11068.0
31069,1016.0,161.0,1195.0
31071,925.0,133.0,1067.0
31073,893.0,215.0,1118.0
31075,375.0,20.0,402.0
31077,1016.0,229.0,1258.0
31079,15950.0,7551.0,23999.0
31081,4297.0,1117.0,5520.0
31083,1615.0,282.0,1928.0
31085,492.0,34.0,532.0
31087,1260.0,174.0,1464.0
31089,4766.0,683.0,5531.0
31091,376.0,59.0,442.0
31093,2786.0,648.0,3501.0
31095,2593.0,1009.0,3686.0
31097,1517.0,646.0,2227.0
31099,2812.0,699.0,3591.0
31101,3544.0,763.0,4364.0
31103,476.0,49.0,529.0
31105,1553.0,267.0,1860.0
31107,3719.0,903.0,4693.0
31109,68321.0,80513.0,152400.0
31111,13071.0,3692.0,17107.0
31113,407.0,38.0,450.0
31115,370.0,75.0,454.0
31117,275.0,17.0,302.0
31119,11678.0,3393.0,15407.0
31121,3407.0,740.0,4242.0
31123,2113.0,386.0,2557.0
31125,1437.0,359.0,1828.0
31127,2428.0,921.0,3423.0
31129,1850.0,409.0,2296.0
31131,5609.0,2481.0,8266.0
31133,1071.0,322.0,1429.0
31135,1321.0,199.0,1544.0
31137,4157.0,752.0,5009.0
31139,3462.0,480.0,4006.0
31141,11827.0,3208.0,15256.0
31143,2286.0,527.0,2870.0
31145,4525.0,811.0,5452.0
31147,2981.0,981.0,4018.0
31149,744.0,84.0,841.0
31151,3458.0,1737.0,5336.0
31153,51518.0,41029.0,95000.0
31155,9036.0,3318.0,12646.0
31157,10810.0,4133.0,15259.0
31159,6490.0,2438.0,9142.0
31161,2292.0,340.0,2672.0
31163,1306.0,341.0,1680.0
31165,642.0,72.0,729.0
31167,2561.0,532.0,3161.0
31169,2285.0,619.0,2951.0
31171,377.0,45.0,427.0
31173,1164.0,1107.0,2294.0
31175,1892.0,410.0,2329.0
31177,8583.0,3554.0,12413.0
31179,3055.0,1022.0,4200.0
31181,1511.0,335.0,1876.0
31183,438.0,59.0,502.0
31185,5296.0,1619.0,7089.0
33019,11508.0,12390.0,24380.0
33003,16150.0,16649.0,33177.0
33009,19903.0,33168.0,53944.0
33013,39513.0,48373.0,89440.0
33005,17892.0,25460.0,44145.0
33001,20870.0,16857.0,38325.0
33011,104314.0,121010.0,229254.0
33015,96119.0,100035.0,198968.0
33017,30489.0,41721.0,73596.0
33007,8615.0,7628.0,16501.0
34001,60912.0,68933.0,131509.0
34003,182831.0,259358.0,447036.0
34005,79881.0,131202.0,213679.0
34007,78600.0,160606.0,242250.0
34009,31498.0,22713.0,54771.0
34011,27099.0,29845.0,57584.0
34013,63971.0,224615.0,291105.0
34015,80700.0,84120.0,167324.0
34017,53435.0,157349.0,213084.0
34019,39751.0,37419.0,78601.0
34021,45926.0,109514.0,157577.0
34023,93727.0,167016.0,263523.0
34025,176255.0,168719.0,349407.0
34027,82738.0,104622.0,189525.0
34029,203613.0,113359.0,320917.0
34031,69191.0,100393.0,171405.0
34033,17294.0,13220.0,31045.0
34035,65234.0,101220.0,168802.0
34037,39427.0,29207.0,69840.0
34039,49663.0,119057.0,170236.0
34041,28122.0,21554.0,50540.0
35001,115674.0,192042.0,315332.0
35003,1672.0,580.0,2284.0
35005,15646.0,6379.0,22431.0
35006,3946.0,4668.0,8791.0
35007,3271.0,2611.0,6016.0
35009,10303.0,4179.0,14812.0
35011,654.0,231.0,899.0
35013,32760.0,47919.0,82556.0
35015,17356.0,5343.0,23039.0
35017,6528.0,7538.0,14357.0
35019,912.0,1229.0,2179.0
35021,319.0,179.0,505.0
35023,1105.0,812.0,1948.0
35025,16475.0,4007.0,20805.0
35027,6872.0,3139.0,10176.0
35028,4230.0,7363.0,12038.0
35029,4406.0,3563.0,8101.0
35031,7597.0,17684.0,25926.0
35033,902.0,1744.0,2683.0
35035,14514.0,8477.0,23556.0
35037,2634.0,1170.0,3873.0
35039,5390.0,10896.0,16511.0
35041,4629.0,1799.0,6600.0
35043,34048.0,40307.0,76142.0
35045,32807.0,17991.0,52125.0
35047,3406.0,7822.0,11447.0
35049,18236.0,61629.0,81213.0
35051,3541.0,2264.0,5943.0
35053,3242.0,3686.0,7111.0
35055,3638.0,12816.0,16790.0
35057,4756.0,2327.0,7247.0
35059,1381.0,381.0,1780.0
35061,17245.0,14051.0,31939.0
32510,15771.0,12485.0,29126.0
32001,9088.0,2966.0,12503.0
32005,21237.0,11390.0,33537.0
32007,16048.0,4375.0,21063.0
32009,389.0,72.0,474.0
32011,833.0,92.0,942.0
32013,5531.0,1608.0,7324.0
32015,2110.0,478.0,2653.0
32017,1949.0,318.0,2312.0
32019,20302.0,8264.0,29392.0
32021,1343.0,759.0,2179.0
32023,16575.0,6950.0,24021.0
32027,1668.0,525.0,2232.0
32029,1905.0,899.0,2870.0
32031,114396.0,125799.0,247300.0
32033,3238.0,836.0,4177.0
32003,401775.0,492528.0,912616.0
36001,45570.0,73189.0,121069.0
36003,12670.0,4188.0,17271.0
36005,55849.0,271835.0,329638.0
36007,40902.0,34464.0,76875.0
36009,20295.0,9142.0,30051.0
36011,17639.0,11993.0,30247.0
36013,31247.0,16200.0,48428.0
36015,19388.0,11573.0,31646.0
36017,11736.0,5126.0,17241.0
36019,14354.0,12690.0,27471.0
36021,12883.0,14148.0,27537.0
36023,9484.0,6829.0,16700.0
36025,12600.0,6866.0,19806.0
36027,59661.0,57720.0,119209.0
36029,178349.0,198808.0,383952.0
36031,7953.0,6970.0,15185.0
36033,8530.0,6586.0,15397.0
36035,12983.0,4542.0,17868.0
36037,17340.0,7048.0,25004.0
36039,12722.0,7675.0,20831.0
36041,1914.0,863.0,2822.0
36043,17038.0,7282.0,24769.0
36045,22779.0,12053.0,35530.0
36047,174731.0,514133.0,693937.0
36049,7931.0,2768.0,10878.0
36051,16575.0,9150.0,26333.0
36053,16553.0,10417.0,27630.0
36055,122995.0,146403.0,275370.0
36057,11500.0,5746.0,17595.0
36059,286661.0,280288.0,572706.0
36061,65001.0,377605.0,446861.0
36063,51355.0,34809.0,87821.0
36065,51950.0,30542.0,84099.0
36067,78994.0,93850.0,176798.0
36069,25757.0,20779.0,47830.0
36071,76218.0,61868.0,139956.0
36073,11173.0,4082.0,15625.0
36075,28914.0,14677.0,44546.0
36077,12682.0,9138.0,22340.0
36079,25899.0,17106.0,43552.0
36081,181225.0,412393.0,597928.0
36083,33371.0,30450.0,65285.0
36085,110094.0,67223.0,178751.0
36087,63830.0,50926.0,115739.0
36089,21862.0,12976.0,35459.0
36091,60092.0,52459.0,114877.0
36093,27544.0,31685.0,60591.0
36095,9010.0,4006.0,13374.0
36097,5181.0,2958.0,8320.0
36099,7582.0,5076.0,12954.0
36101,26781.0,11299.0,38797.0
36103,333617.0,259463.0,600115.0
36105,15555.0,10995.0,26931.0
36107,13990.0,7063.0,21548.0
36109,8522.0,21643.0,30851.0
36111,33580.0,42606.0,77667.0
36113,15200.0,11811.0,27625.0
36115,14577.0,8537.0,23607.0
36117,23734.0,12799.0,37425.0
36119,122371.0,217858.0,343899.0
36121,12969.0,3840.0,17162.0
36123,5552.0,3046.0,8817.0
39001,9660.0,2130.0,11905.0
39003,32052.0,13611.0,46362.0
39005,19002.0,6448.0,25883.0
39007,26225.0,16207.0,43161.0
39009,10386.0,14047.0,24809.0
39011,20451.0,4583.0,25348.0
39013,23110.0,9011.0,32497.0
39015,16032.0,4326.0,20586.0
39017,111722.0,67729.0,182034.0
39019,10525.0,3206.0,13935.0
39021,14086.0,4946.0,19333.0
39023,38217.0,23625.0,62870.0
39025,73077.0,33505.0,108315.0
39027,15061.0,4556.0,19940.0
39029,35124.0,13183.0,49062.0
39031,11982.0,4057.0,16319.0
39033,15043.0,4831.0,20192.0
39035,195089.0,402315.0,603721.0
39037,21569.0,4668.0,26621.0
39039,12778.0,5870.0,18989.0
39041,65163.0,56961.0,124004.0
39043,21724.0,17142.0,39523.0
39045,49714.0,30634.0,81564.0
39047,9220.0,2911.0,12292.0
39049,203154.0,391584.0,604058.0
39051,15396.0,6595.0,22349.0
39053,10289.0,2911.0,13358.0
39055,33581.0,20980.0,55217.0
39057,50937.0,34023.0,86616.0
39059,13077.0,4498.0,17806.0
39061,173015.0,238101.0,417408.0
39063,25796.0,11535.0,37999.0
39065,9698.0,3025.0,12954.0
39067,5668.0,1742.0,7500.0
39069,10273.0,3995.0,14482.0
39071,15369.0,3741.0,19299.0
39073,9554.0,3836.0,13590.0
39075,10645.0,1981.0,12772.0
39077,18537.0,7643.0,26628.0
39079,10804.0,3193.0,14160.0
39081,22309.0,9823.0,32572.0
39083,21825.0,8433.0,30703.0
39085,71615.0,54337.0,127577.0
39087,19759.0,7353.0,27427.0
39089,57965.0,32324.0,91830.0
39091,17625.0,4990.0,22939.0
39093,76719.0,72792.0,151630.0
39095,79628.0,111989.0,194882.0
39097,13445.0,5558.0,19309.0
39099,58601.0,56346.0,116328.0
39101,18526.0,8089.0,27126.0
39103,63451.0,39326.0,104147.0
39105,8163.0,2452.0,10755.0
39107,19145.0,3981.0,23395.0
39109,40531.0,15420.0,56851.0
39111,5392.0,1597.0,7066.0
39113,126085.0,131592.0,261849.0
39115,4932.0,1703.0,6712.0
39117,13784.0,3988.0,18088.0
39119,27334.0,11755.0,39693.0
39121,5024.0,1156.0,6216.0
39123,14285.0,8847.0,23483.0
39125,6927.0,2172.0,9257.0
39127,11959.0,4006.0,16176.0
39129,20059.0,7167.0,27576.0
39131,8872.0,3051.0,12063.0
39133,45034.0,34935.0,81116.0
39135,16697.0,4435.0,21422.0
39137,16218.0,3152.0,19671.0
39139,40534.0,17231.0,58587.0
39141,21687.0,10345.0,32466.0
39143,18487.0,10391.0,29436.0
39145,21926.0,8876.0,31146.0
39147,16739.0,8147.0,25322.0
39149,19988.0,4399.0,24741.0
39151,108610.0,74336.0,185714.0
39153,122023.0,148151.0,273915.0
39155,53756.0,43534.0,98512.0
39157,29519.0,12643.0,42785.0
39159,21233.0,10985.0,32838.0
39161,11470.0,3026.0,14733.0
39163,4525.0,1306.0,5891.0
39165,85069.0,45040.0,132061.0
39167,21798.0,9114.0,31382.0
39169,36059.0,16340.0,53203.0
39171,13218.0,4726.0,18290.0
39173,34815.0,29797.0,65786.0
39175,8248.0,2690.0,11122.0
40001,5560.0,1382.0,7078.0
40003,1978.0,231.0,2261.0
40005,4543.0,761.0,5371.0
40007,1964.0,190.0,2174.0
40009,6753.0,1048.0,7933.0
40011,3133.0,688.0,3898.0
40013,12319.0,3317.0,15944.0
40015,7006.0,2666.0,9848.0
40017,43481.0,16729.0,61857.0
40019,14699.0,4470.0,19479.0
40021,11210.0,6023.0,17697.0
40023,4696.0,1081.0,5829.0
40025,966.0,70.0,1050.0
40027,66569.0,49754.0,119591.0
40029,2091.0,373.0,2523.0
40031,20894.0,13743.0,35616.0
40033,2117.0,393.0,2572.0
40035,4686.0,1217.0,6032.0
40037,23269.0,6570.0,30473.0
40039,8051.0,2365.0,10677.0
40041,13532.0,3470.0,17218.0
40043,2121.0,213.0,2355.0
40045,1686.0,162.0,1871.0
40047,16956.0,4915.0,22412.0
40049,8863.0,1864.0,10905.0
40051,18499.0,4131.0,23047.0
40053,1916.0,280.0,2226.0
40055,1604.0,328.0,1972.0
40057,747.0,177.0,933.0
40059,1324.0,136.0,1484.0
40061,4158.0,782.0,5006.0
40063,3875.0,919.0,4857.0
40065,6391.0,1645.0,8219.0
40067,2023.0,319.0,2382.0
40069,3431.0,736.0,4239.0
40071,12829.0,4037.0,17240.0
40073,5514.0,853.0,6457.0
40075,2667.0,699.0,3421.0
40077,3435.0,762.0,4247.0
40079,15199.0,3296.0,18787.0
40081,11996.0,2607.0,14869.0
40083,15596.0,5452.0,21558.0
40085,3301.0,711.0,4072.0
40087,15264.0,3581.0,19201.0
40089,9478.0,1856.0,11458.0
40091,6152.0,2024.0,8308.0
40093,3082.0,320.0,3465.0
40095,4887.0,1099.0,6059.0
40097,12743.0,3580.0,16619.0
40099,4610.0,1156.0,5892.0
40101,16495.0,8013.0,25035.0
40103,3816.0,1000.0,4930.0
40105,3610.0,712.0,4391.0
40107,3046.0,889.0,4019.0
40109,144916.0,141587.0,294460.0
40111,9651.0,4352.0,14289.0
40113,14107.0,5998.0,20520.0
40115,8545.0,2684.0,11436.0
40117,5256.0,1362.0,6774.0
40119,17778.0,10881.0,29583.0
40121,13829.0,3766.0,17900.0
40123,10784.0,4116.0,15298.0
40125,20224.0,7274.0,28167.0
40127,4015.0,668.0,4738.0
40129,1626.0,168.0,1831.0
40131,33988.0,9578.0,44498.0
40133,6008.0,2150.0,8334.0
40135,12113.0,3035.0,15386.0
40137,15552.0,3151.0,19046.0
40139,4504.0,894.0,5520.0
40141,2076.0,597.0,2708.0
40143,150266.0,108813.0,266164.0
40145,26058.0,8439.0,35204.0
40147,17069.0,5790.0,23493.0
40149,4078.0,596.0,4767.0
40151,2989.0,590.0,3673.0
40153,6607.0,1005.0,7781.0
41001,7316.0,2332.0,9837.0
41003,14647.0,35438.0,51665.0
41005,96366.0,127239.0,228517.0
41007,9713.0,12295.0,22591.0
41009,16779.0,13535.0,31319.0
41011,21488.0,14024.0,36317.0
41013,11103.0,3715.0,15096.0
41015,8441.0,6023.0,14773.0
41017,54183.0,64102.0,120820.0
41019,42513.0,18780.0,62809.0
41021,830.0,323.0,1170.0
41023,3537.0,923.0,4555.0
41025,3465.0,890.0,4435.0
41027,3858.0,8530.0,12653.0
41029,63012.0,58386.0,124393.0
41031,7044.0,4306.0,11626.0
41033,30954.0,17908.0,49926.0
41035,25048.0,10260.0,36160.0
41037,3449.0,788.0,4316.0
41039,79208.0,132015.0,216854.0
41041,12336.0,17248.0,30303.0
41043,42708.0,25893.0,70668.0
41045,8101.0,3202.0,11603.0
41047,77292.0,78537.0,160098.0
41049,3557.0,1345.0,5043.0
41051,81476.0,361561.0,452592.0
41053,23259.0,22431.0,46931.0
41055,914.0,257.0,1196.0
41057,8306.0,7956.0,16640.0
41059,21002.0,10499.0,32367.0
41061,10247.0,4227.0,14790.0
41063,3390.0,1619.0,5110.0
41065,6965.0,6467.0,13814.0
41067,97820.0,205848.0,311940.0
41069,710.0,216.0,958.0
41071,27669.0,25418.0,54741.0
42001,37481.0,18123.0,56410.0
42003,274348.0,415861.0,698288.0
42005,27112.0,8352.0,35881.0
42007,54108.0,37747.0,93083.0
42009,22529.0,4266.0,26973.0
42011,105941.0,89530.0,198260.0
42013,44714.0,17425.0,62784.0
42015,21580.0,8044.0,30137.0
42017,183440.0,199760.0,387274.0
42019,73023.0,36534.0,110960.0
42021,48090.0,21748.0,70597.0
42023,1771.0,634.0,2434.0
42025,21607.0,10990.0,33018.0
42027,36366.0,40049.0,77480.0
42029,126844.0,179065.0,309424.0
42031,14363.0,4615.0,19213.0
42033,28984.0,9598.0,39124.0
42035,11668.0,5406.0,17293.0
42037,19867.0,10445.0,30845.0
42039,27990.0,12584.0,41087.0
42041,76149.0,61168.0,139399.0
42043,65151.0,77395.0,144477.0
42045,116216.0,200911.0,320049.0
42047,11993.0,4478.0,16713.0
42049,66281.0,67731.0,135932.0
42051,39956.0,19486.0,59887.0
42053,1864.0,715.0,2613.0
42055,56628.0,22040.0,79761.0
42057,6730.0,1076.0,7874.0
42059,12436.0,4882.0,17494.0
42061,17059.0,5448.0,22793.0
42063,27832.0,12475.0,40773.0
42065,17928.0,4498.0,22761.0
42067,9648.0,2253.0,12042.0
42069,51504.0,61125.0,113700.0
42071,159783.0,114978.0,278906.0
42073,29290.0,15772.0,45558.0
42075,45907.0,23412.0,70285.0
42077,82163.0,95683.0,179947.0
42079,85425.0,63669.0,150582.0
42081,40888.0,16722.0,58420.0
42083,13892.0,5024.0,19195.0
42085,35282.0,20426.0,56420.0
42087,16532.0,4560.0,21317.0
42089,37913.0,42860.0,81787.0
42091,182907.0,313543.0,501561.0
42093,5851.0,3774.0,9782.0
42095,82830.0,84145.0,168952.0
42097,28435.0,12440.0,41516.0
42099,17879.0,5704.0,23980.0
42101,127973.0,571788.0,704412.0
42103,18979.0,12878.0,32179.0
42105,7117.0,1686.0,8901.0
42107,48100.0,20425.0,69522.0
42109,13816.0,4848.0,18904.0
42111,31105.0,8543.0,40062.0
42113,2622.0,921.0,3599.0
42115,14879.0,6084.0,21264.0
42117,15750.0,4958.0,21087.0
42119,12342.0,7377.0,20001.0
42121,18293.0,7482.0,26141.0
42123,14020.0,5987.0,20345.0
42125,71375.0,44712.0,117385.0
42127,18466.0,9135.0,27858.0
42129,128304.0,70738.0,201329.0
42131,9936.0,4704.0,14858.0
42133,143415.0,85491.0,232383.0
44001,9586.0,17701.0,27730.0
44007,101219.0,161674.0,266580.0
44009,29523.0,43598.0,74325.0
44003,41561.0,48474.0,91475.0
44005,15532.0,28878.0,45091.0
45001,8215.0,4101.0,12433.0
45003,51589.0,32275.0,85185.0
45005,835.0,2718.0,3593.0
45007,67565.0,27169.0,96093.0
45009,2417.0,4010.0,6482.0
45011,5492.0,4720.0,10321.0
45013,52954.0,43231.0,97397.0
45017,4305.0,3905.0,8291.0
45019,93297.0,121485.0,218857.0
45021,18043.0,6983.0,25270.0
45023,8660.0,6941.0,15757.0
45025,11297.0,7431.0,18876.0
45027,8361.0,8250.0,16733.0
45029,10440.0,8602.0,19283.0
45031,16832.0,15220.0,32417.0
45033,6582.0,6436.0,13101.0
45035,41913.0,33824.0,77278.0
45037,8184.0,4953.0,13304.0
45039,4625.0,7382.0,12136.0
45041,32605.0,31149.0,64495.0
45043,20487.0,15822.0,36668.0
45045,150021.0,103030.0,258155.0
45047,19431.0,12145.0,32006.0
45049,3905.0,5322.0,9303.0
45051,118821.0,59180.0,179744.0
45053,7078.0,7185.0,14394.0
45055,20471.0,12699.0,33629.0
45057,30312.0,18937.0,49868.0
45059,20004.0,10159.0,30488.0
45061,3008.0,5329.0,8431.0
45063,92817.0,49301.0,144568.0
45065,2958.0,2687.0,5697.0
45067,5711.0,8872.0,14704.0
45069,5044.0,6290.0,11446.0
45071,11443.0,6958.0,18631.0
45073,29698.0,10414.0,40668.0
45075,13603.0,27295.0,41205.0
45077,42907.0,13645.0,57546.0
45079,58313.0,132570.0,193822.0
45081,6210.0,2963.0,9274.0
45083,93560.0,52926.0,148655.0
45085,21000.0,27379.0,48920.0
45087,8183.0,4935.0,13257.0
45089,5532.0,10289.0,15985.0
45091,82727.0,59008.0,144050.0
45015,57397.0,45223.0,104458.0
46003,1052.0,317.0,1405.0
46005,4808.0,2107.0,7081.0
46007,694.0,466.0,1183.0
46009,2235.0,721.0,3001.0
46011,8000.0,6110.0,14567.0
46013,10580.0,6538.0,17547.0
46015,1750.0,673.0,2490.0
46017,183.0,352.0,549.0
46019,3731.0,939.0,4802.0
46021,747.0,117.0,873.0
46023,2552.0,1177.0,3783.0
46025,1373.0,437.0,1850.0
46027,2456.0,3083.0,5698.0
46029,8958.0,3837.0,13161.0
46031,647.0,622.0,1283.0
46033,3852.0,1522.0,5494.0
46035,5613.0,2648.0,8454.0
46037,1869.0,1052.0,2964.0
46039,1699.0,609.0,2350.0
46041,790.0,1131.0,1966.0
46043,1468.0,216.0,1707.0
46045,1538.0,417.0,1985.0
46047,2877.0,1053.0,4041.0
46049,964.0,198.0,1182.0
46051,2617.0,1056.0,3744.0
46053,1771.0,455.0,2258.0
46055,1025.0,105.0,1136.0
46057,2372.0,647.0,3083.0
46059,1433.0,373.0,1836.0
46061,1793.0,557.0,2388.0
46063,748.0,49.0,813.0
46065,5519.0,2953.0,8720.0
46067,2944.0,762.0,3767.0
46069,564.0,136.0,710.0
46071,738.0,359.0,1115.0
46073,720.0,270.0,1005.0
46075,498.0,90.0,599.0
46077,1904.0,819.0,2779.0
46079,3681.0,2068.0,5873.0
46081,8753.0,4537.0,13828.0
46083,19617.0,11981.0,32396.0
46085,1042.0,525.0,1597.0
46087,2068.0,769.0,2900.0
46089,1075.0,222.0,1324.0
46091,1287.0,858.0,2178.0
46093,9875.0,3285.0,13670.0
46095,449.0,298.0,769.0
46097,787.0,320.0,1138.0
46099,49248.0,40478.0,92321.0
46101,1951.0,1179.0,3206.0
46103,35063.0,20606.0,57518.0
46105,1401.0,239.0,1669.0
46107,1139.0,227.0,1380.0
46109,2404.0,1828.0,4307.0
46111,905.0,257.0,1185.0
46102,297.0,2829.0,3200.0
46115,2104.0,998.0,3163.0
46117,1203.0,421.0,1652.0
46119,726.0,185.0,930.0
46121,532.0,1963.0,2539.0
46123,2161.0,495.0,2696.0
46125,3290.0,1139.0,4548.0
46127,5944.0,2725.0,8855.0
46129,1966.0,565.0,2580.0
46135,6581.0,4016.0,10900.0
46137,404.0,481.0,906.0
47001,23163.0,11733.0,35527.0
47003,14317.0,4443.0,19039.0
47005,5661.0,1526.0,7250.0
47007,4725.0,971.0,5758.0
47009,47195.0,17834.0,66306.0
47011,35194.0,9849.0,45836.0
47013,12330.0,2438.0,14929.0
47015,5190.0,1261.0,6555.0
47017,9194.0,2558.0,11893.0
47019,19574.0,4526.0,24474.0
47021,14328.0,5457.0,20091.0
47023,5951.0,1411.0,7578.0
47025,10598.0,2201.0,12935.0
47027,2733.0,735.0,3506.0
47029,12128.0,2524.0,14816.0
47031,17863.0,5704.0,24261.0
47033,4673.0,1382.0,6114.0
47035,25167.0,6728.0,32278.0
47037,99415.0,197846.0,306783.0
47039,4473.0,1341.0,5862.0
47041,6663.0,1747.0,8501.0
47043,17619.0,6098.0,24290.0
47045,11766.0,3157.0,15074.0
47047,15661.0,7000.0,22928.0
47049,7403.0,1210.0,8687.0
47051,13977.0,4863.0,19116.0
47053,16245.0,5764.0,22308.0
47055,9783.0,3298.0,13202.0
47057,8559.0,1463.0,10123.0
47059,22185.0,5183.0,27994.0
47061,4795.0,985.0,5844.0
47063,18789.0,5497.0,24606.0
47065,91991.0,75360.0,170735.0
47067,2372.0,362.0,2744.0
47069,5760.0,4180.0,10058.0
47071,9556.0,1774.0,11534.0
47073,20372.0,4069.0,24776.0
47075,3338.0,4000.0,7420.0
47077,9797.0,2092.0,12020.0
47079,11230.0,3547.0,15034.0
47081,7577.0,2130.0,9832.0
47083,2715.0,869.0,3681.0
47085,6116.0,2017.0,8232.0
47087,4106.0,1133.0,5308.0
47089,18609.0,4645.0,23562.0
47091,6466.0,1242.0,7793.0
47093,124339.0,91097.0,219869.0
47095,1492.0,526.0,2034.0
47097,5672.0,3193.0,8963.0
47099,15334.0,3195.0,18718.0
47101,4473.0,1068.0,5604.0
47103,12258.0,2909.0,15575.0
47105,21684.0,6933.0,29296.0
47107,18175.0,4357.0,22815.0
47109,9085.0,1943.0,11267.0
47111,8095.0,1307.0,9486.0
47113,23922.0,18309.0,42847.0
47115,9873.0,3165.0,13204.0
47117,11029.0,3603.0,14862.0
47119,30908.0,14326.0,45996.0
47121,4464.0,1008.0,5529.0
47123,16742.0,3760.0,20749.0
47125,42156.0,32426.0,76678.0
47127,2888.0,573.0,3539.0
47129,6926.0,1161.0,8218.0
47131,10790.0,2589.0,13521.0
47133,7911.0,2028.0,10025.0
47135,2775.0,615.0,3428.0
47137,2373.0,524.0,2922.0
47139,6792.0,1492.0,8360.0
47141,23694.0,9154.0,33481.0
47143,11031.0,2363.0,13608.0
47145,19195.0,6034.0,25868.0
47147,24535.0,8690.0,33734.0
47149,81373.0,59189.0,143604.0
47151,8004.0,986.0,9052.0
47153,5846.0,1295.0,7239.0
47155,33742.0,8695.0,43468.0
47159,7124.0,1798.0,9035.0
47161,4942.0,1230.0,6283.0
47163,55774.0,17226.0,74206.0
47165,63404.0,27630.0,92529.0
47167,20063.0,6832.0,27291.0
47169,2930.0,1011.0,3991.0
47171,6593.0,1610.0,8294.0
47173,6777.0,1248.0,8096.0
47175,2338.0,544.0,2917.0
47177,12323.0,4126.0,16692.0
47179,40120.0,18214.0,59430.0
47181,5795.0,820.0,6667.0
47183,10382.0,3011.0,13710.0
47185,9587.0,2134.0,11867.0
47187,86469.0,50161.0,138932.0
47189,50149.0,22197.0,74092.0
47157,129543.0,245208.0,380698.0
48001,15062.0,3934.0,19150.0
48003,4937.0,849.0,5856.0
48005,25070.0,9136.0,34554.0
48007,9210.0,2896.0,12240.0
48009,4300.0,446.0,4795.0
48011,1035.0,75.0,1112.0
48013,12020.0,5865.0,18085.0
48015,11282.0,2931.0,14368.0
48017,1430.0,407.0,1853.0
48019,10050.0,2503.0,12703.0
48021,20486.0,15452.0,36596.0
48023,1478.0,179.0,1680.0
48025,5999.0,3280.0,9399.0
48027,67113.0,56032.0,125515.0
48029,303871.0,440823.0,756021.0
48031,5429.0,1905.0,7419.0
48033,395.0,16.0,412.0
48035,7446.0,1552.0,9094.0
48037,27053.0,10692.0,38132.0
48039,89939.0,61780.0,153992.0
48041,47456.0,35242.0,84753.0
48043,2451.0,2251.0,4805.0
48045,639.0,77.0,724.0
48047,998.0,1470.0,2484.0
48049,13681.0,2103.0,15940.0
48051,6740.0,1786.0,8604.0
48053,18721.0,5615.0,24636.0
48055,7975.0,6536.0,14742.0
48057,5640.0,2146.0,7853.0
48059,6006.0,734.0,6826.0
48061,48834.0,63732.0,113625.0
48063,3626.0,1392.0,5056.0
48065,2747.0,289.0,3075.0
48067,10979.0,2777.0,13852.0
48069,1601.0,466.0,2082.0
48071,17343.0,3997.0,21639.0
48073,15065.0,4196.0,19457.0
48075,1928.0,305.0,2259.0
48077,5064.0,614.0,5736.0
48079,806.0,176.0,996.0
48081,1565.0,215.0,1794.0
48083,3638.0,450.0,4120.0
48085,250194.0,227868.0,485323.0
48087,1048.0,155.0,1216.0
48089,7440.0,2403.0,9911.0
48091,62260.0,24369.0,87913.0
48093,5177.0,852.0,6083.0
48095,1058.0,197.0,1268.0
48097,15579.0,3205.0,18966.0
48099,15397.0,7542.0,23422.0
48101,543.0,113.0,665.0
48103,1247.0,241.0,1502.0
48105,1219.0,344.0,1573.0
48107,1396.0,527.0,1953.0
48109,415.0,438.0,864.0
48111,1386.0,196.0,1605.0
48113,306972.0,598265.0,918527.0
48115,2951.0,808.0,3789.0
48117,3293.0,1263.0,4608.0
48119,2157.0,403.0,2587.0
48121,221829.0,188023.0,416336.0
48123,6567.0,1494.0,8118.0
48125,850.0,130.0,985.0
48127,1384.0,2264.0,3666.0
48129,1438.0,198.0,1648.0
48131,2442.0,2573.0,5050.0
48133,7216.0,982.0,8270.0
48135,32586.0,11310.0,44413.0
48137,893.0,166.0,1064.0
48139,56651.0,27513.0,85335.0
48141,81235.0,168801.0,254029.0
48143,13669.0,2914.0,16835.0
48145,4177.0,1899.0,6133.0
48147,12150.0,2638.0,14966.0
48149,10163.0,2650.0,12922.0
48151,1448.0,352.0,1826.0
48153,1581.0,437.0,2035.0
48155,445.0,99.0,551.0
48157,157595.0,195191.0,356894.0
48159,4153.0,803.0,5000.0
48161,6966.0,1629.0,8678.0
48163,2812.0,2421.0,5264.0
48165,5323.0,572.0,5959.0
48167,93306.0,58247.0,153843.0
48169,1411.0,231.0,1651.0
48171,12495.0,3163.0,15813.0
48173,611.0,39.0,653.0
48175,3081.0,872.0,3978.0
48177,5568.0,1894.0,7533.0
48179,6812.0,820.0,7745.0
48181,43776.0,14223.0,58760.0
48183,32352.0,14657.0,47672.0
48185,9419.0,2831.0,12397.0
48187,47423.0,28706.0,77356.0
48189,7162.0,2271.0,9560.0
48191,992.0,167.0,1164.0
48193,3613.0,641.0,4346.0
48195,1848.0,166.0,2044.0
48197,1330.0,241.0,1580.0
48199,23806.0,3449.0,27555.0
48201,699822.0,911974.0,1633654.0
48203,21318.0,7812.0,29462.0
48205,1866.0,195.0,2076.0
48207,1837.0,353.0,2211.0
48209,47427.0,59213.0,108784.0
48211,1486.0,206.0,1720.0
48213,28816.0,7048.0,36197.0
48215,89991.0,127507.0,219607.0
48217,11869.0,2829.0,14843.0
48219,6534.0,1481.0,8091.0
48221,26487.0,5641.0,32517.0
48223,12713.0,3043.0,15930.0
48225,7050.0,2312.0,9425.0
48227,7899.0,2017.0,10032.0
48229,771.0,371.0,1157.0
48231,29135.0,8879.0,38517.0
48233,7659.0,957.0,8739.0
48235,759.0,120.0,889.0
48237,3415.0,331.0,3779.0
48239,5116.0,1018.0,6208.0
48241,12453.0,2906.0,15466.0
48243,783.0,501.0,1304.0
48245,47535.0,46022.0,94645.0
48247,831.0,1197.0,2034.0
48249,7389.0,6025.0,13507.0
48251,54523.0,16418.0,71849.0
48253,5621.0,989.0,6691.0
48255,3959.0,1220.0,5226.0
48257,37474.0,18290.0,56435.0
48259,20064.0,6008.0,26406.0
48261,127.0,65.0,194.0
48263,411.0,47.0,462.0
48265,20858.0,6510.0,27702.0
48267,1987.0,284.0,2292.0
48269,151.0,8.0,159.0
48271,1144.0,446.0,1603.0
48273,5557.0,5359.0,11041.0
48275,1180.0,265.0,1456.0
48277,16698.0,4420.0,21314.0
48281,8070.0,2134.0,10373.0
48283,1335.0,1052.0,2406.0
48285,8802.0,1333.0,10189.0
48287,6248.0,1745.0,8074.0
48289,7522.0,1072.0,8664.0
48291,23288.0,5779.0,29314.0
48293,6786.0,2213.0,9092.0
48295,1203.0,131.0,1351.0
48297,4198.0,819.0,5053.0
48299,9996.0,3167.0,13278.0
48301,60.0,4.0,66.0
48303,78560.0,39757.0,120194.0
48305,1853.0,428.0,2293.0
48313,4165.0,1084.0,5289.0
48315,3459.0,1331.0,4844.0
48317,1857.0,288.0,2160.0
48319,2108.0,566.0,2695.0
48321,9836.0,3726.0,13710.0
48323,6881.0,8324.0,15338.0
48307,2898.0,490.0,3430.0
48309,59432.0,36550.0,97516.0
48311,460.0,53.0,516.0
48325,15599.0,6731.0,22557.0
48327,819.0,196.0,1023.0
48329,45463.0,12258.0,58620.0
48331,7950.0,2475.0,10521.0
48333,2214.0,271.0,2502.0
48335,2169.0,397.0,2578.0
48337,8613.0,1097.0,9812.0
48339,193224.0,74255.0,271162.0
48341,4356.0,1059.0,5502.0
48343,3841.0,1664.0,5548.0
48345,604.0,46.0,652.0
48347,17359.0,8989.0,26733.0
48349,13787.0,5097.0,19103.0
48351,4882.0,1175.0,6096.0
48355,64467.0,60749.0,126978.0
48357,2811.0,302.0,3153.0
48359,917.0,81.0,1009.0
48361,29170.0,6354.0,35950.0
48363,10170.0,2177.0,12474.0
48365,9322.0,2057.0,11447.0
48367,61584.0,12789.0,75406.0
48369,2133.0,488.0,2648.0
48371,3213.0,1378.0,4662.0
48373,18496.0,5353.0,24069.0
48375,22732.0,9867.0,33177.0
48377,721.0,1463.0,2217.0
48379,5147.0,841.0,6044.0
48381,50597.0,12750.0,64382.0
48383,942.0,172.0,1124.0
48385,1643.0,320.0,1982.0
48387,4513.0,1244.0,5800.0
48389,2249.0,1394.0,3681.0
48391,2210.0,1108.0,3365.0
48393,529.0,17.0,550.0
48395,5631.0,2359.0,8069.0
48397,38842.0,18149.0,57765.0
48399,3682.0,531.0,4262.0
48401,16511.0,4624.0,21339.0
48403,4767.0,662.0,5461.0
48405,3005.0,979.0,3998.0
48407,10154.0,2332.0,12626.0
48409,16495.0,8971.0,25848.0
48411,2308.0,287.0,2602.0
48413,939.0,211.0,1158.0
48415,4978.0,818.0,5864.0
48417,1484.0,130.0,1628.0
48419,7962.0,2058.0,10060.0
48421,885.0,91.0,990.0
48423,68546.0,29343.0,99263.0
48425,4099.0,768.0,4933.0
48427,8224.0,9099.0,17477.0
48429,3385.0,396.0,3799.0
48431,584.0,51.0,639.0
48433,615.0,116.0,736.0
48435,1222.0,322.0,1557.0
48437,1842.0,478.0,2352.0
48439,408224.0,409752.0,830919.0
48441,39439.0,14489.0,54901.0
48443,334.0,119.0,458.0
48445,2809.0,757.0,3608.0
48447,806.0,82.0,894.0
48449,7563.0,2852.0,10528.0
48451,32129.0,12106.0,44870.0
48453,159907.0,432062.0,602889.0
48455,5579.0,1323.0,6938.0
48457,8095.0,1390.0,9547.0
48459,15775.0,2869.0,18845.0
48461,1176.0,169.0,1365.0
48463,6160.0,4066.0,10321.0
48465,7839.0,6401.0,14417.0
48467,22126.0,3419.0,25753.0
48469,23347.0,10371.0,34159.0
48471,15368.0,7875.0,23592.0
48473,14206.0,8130.0,22617.0
48475,3238.0,761.0,4034.0
48477,12949.0,4254.0,17401.0
48479,25898.0,41820.0,68397.0
48481,11892.0,4671.0,16704.0
48483,2158.0,168.0,2336.0
48485,31930.0,13024.0,45743.0
48487,3520.0,954.0,4518.0
48489,2437.0,3097.0,5575.0
48491,138649.0,142457.0,286849.0
48493,18457.0,6350.0,24996.0
48495,1753.0,358.0,2126.0
48497,26986.0,4953.0,32294.0
48499,18962.0,3487.0,22664.0
48501,2172.0,419.0,2628.0
48503,7112.0,1036.0,8242.0
48505,2032.0,1820.0,3867.0
48507,1490.0,2864.0,4379.0
48279,3513.0,835.0,4393.0
48353,4127.0,1161.0,5351.0
49001,2673.0,356.0,3076.0
49003,20984.0,4362.0,26312.0
49005,34377.0,15246.0,52222.0
49007,6255.0,2306.0,8822.0
49009,473.0,105.0,590.0
49011,95709.0,53970.0,157164.0
49013,7445.0,830.0,8442.0
49015,4166.0,566.0,4816.0
49017,2149.0,513.0,2722.0
49019,2168.0,2733.0,5027.0
49021,18113.0,4673.0,23731.0
49023,5087.0,645.0,5865.0
49025,2777.0,1005.0,3869.0
49027,5145.0,603.0,5872.0
49029,4957.0,1060.0,6254.0
49031,773.0,86.0,871.0
49033,1118.0,178.0,1320.0
49035,188945.0,250522.0,454753.0
49037,2634.0,2451.0,5243.0
49039,10064.0,1735.0,12159.0
49041,8427.0,1032.0,9666.0
49043,9928.0,14947.0,25439.0
49045,19531.0,8498.0,29474.0
49047,12777.0,1601.0,14736.0
49049,173856.0,69386.0,256689.0
49051,9953.0,5762.0,16260.0
49053,65601.0,20065.0,88209.0
49055,1207.0,362.0,1596.0
49057,64066.0,39652.0,108335.0
51001,9162.0,7567.0,16917.0
51003,20711.0,42132.0,63852.0
51005,5859.0,2243.0,8191.0
51007,5370.0,2390.0,7837.0
51009,11050.0,5673.0,16974.0
51011,6695.0,2415.0,9228.0
51013,22205.0,105044.0,129079.0
51015,30607.0,10785.0,41994.0
51017,1830.0,646.0,2492.0
51019,35476.0,12051.0,48223.0
51021,2901.0,531.0,3472.0
51023,15090.0,5691.0,21045.0
51025,3356.0,4552.0,7942.0
51027,8287.0,1583.0,9914.0
51029,4539.0,3466.0,8098.0
51031,21250.0,8073.0,29813.0
51033,8277.0,7605.0,16141.0
51035,12615.0,2818.0,15548.0
51036,1758.0,2616.0,4428.0
51037,3813.0,2317.0,6178.0
51043,5187.0,3914.0,9278.0
51045,2525.0,586.0,3151.0
51047,15967.0,10559.0,26926.0
51049,3019.0,2230.0,5302.0
51051,5747.0,1503.0,7294.0
51053,8691.0,6209.0,15044.0
51057,3070.0,3030.0,6158.0
51061,25014.0,17472.0,43258.0
51063,6198.0,2990.0,9334.0
51065,8113.0,7373.0,15710.0
51067,20838.0,8347.0,29536.0
51069,30380.0,17038.0,48197.0
51071,6876.0,2156.0,9157.0
51073,14855.0,6936.0,22179.0
51075,9941.0,6670.0,16853.0
51077,6512.0,1531.0,8099.0
51079,6849.0,4152.0,11241.0
51081,1914.0,2627.0,4564.0
51083,10403.0,7648.0,18191.0
51085,44243.0,25194.0,70535.0
51087,63119.0,115857.0,181367.0
51089,16654.0,9060.0,25936.0
51091,1090.0,417.0,1529.0
51093,13661.0,9346.0,23335.0
51095,23092.0,25406.0,49203.0
51097,2447.0,1586.0,4096.0
51099,8433.0,5390.0,14136.0
51101,7284.0,3228.0,10652.0
51103,3694.0,3358.0,7123.0
51105,8363.0,1489.0,9929.0
51107,81837.0,137827.0,222792.0
51109,13263.0,8227.0,21783.0
51111,3584.0,2401.0,6024.0
51113,5297.0,2690.0,8093.0
51115,3900.0,1824.0,5811.0
51117,9244.0,6767.0,16124.0
51119,4184.0,2484.0,6745.0
51121,20588.0,23153.0,44678.0
51125,4791.0,4301.0,9320.0
51127,9605.0,4583.0,14360.0
51131,2948.0,3654.0,6702.0
51133,4477.0,3240.0,7772.0
51135,4027.0,2971.0,7070.0
51137,12401.0,7963.0,20631.0
51139,9316.0,2982.0,12432.0
51141,7477.0,1950.0,9508.0
51143,23694.0,10054.0,34032.0
51145,14037.0,5309.0,19666.0
51147,4430.0,4945.0,9510.0
51149,10103.0,7103.0,17401.0
51155,12083.0,4893.0,17250.0
51157,2794.0,2079.0,4929.0
51159,2547.0,1513.0,4091.0
51161,33758.0,21218.0,55843.0
51163,8047.0,4022.0,12334.0
51165,30297.0,12597.0,43547.0
51167,10856.0,2366.0,13337.0
51169,9046.0,1685.0,10821.0
51171,16398.0,6781.0,23522.0
51173,10963.0,3008.0,14104.0
51175,5719.0,3948.0,9753.0
51177,39502.0,34381.0,75204.0
51181,2023.0,2396.0,4459.0
51183,2219.0,2827.0,5081.0
51185,16665.0,3169.0,19989.0
51187,14033.0,6564.0,20959.0
51191,21646.0,6602.0,28550.0
51193,5353.0,4413.0,9856.0
51195,13339.0,3098.0,16544.0
51197,11733.0,3143.0,15046.0
51199,20087.0,17410.0,38165.0
51510,14447.0,65913.0,81377.0
51520,5331.0,2300.0,7756.0
51530,1863.0,825.0,2815.0
51540,3075.0,20583.0,23967.0
51550,57414.0,65011.0,124433.0
51570,5999.0,2965.0,9099.0
51580,1580.0,964.0,2594.0
51590,7396.0,11615.0,19204.0
51595,754.0,1612.0,2379.0
51600,3982.0,9120.0,13303.0
51610,1485.0,7129.0,8727.0
51620,1483.0,2505.0,4022.0
51630,4021.0,8459.0,12720.0
51640,1834.0,777.0,2629.0
51650,18201.0,45481.0,64654.0
51660,5545.0,10955.0,16860.0
51670,3985.0,5365.0,9511.0
51678,906.0,1791.0,2745.0
51683,6228.0,10293.0,16799.0
51685,2062.0,3913.0,6071.0
51690,2164.0,3749.0,5986.0
51700,26262.0,52699.0,80388.0
51710,22038.0,59396.0,82862.0
51720,1109.0,463.0,1593.0
51730,1575.0,12312.0,13995.0
51735,5584.0,2051.0,7793.0
51740,12682.0,30644.0,44040.0
51750,2781.0,3342.0,6268.0
51760,15707.0,86460.0,103917.0
51770,15356.0,25929.0,42033.0
51775,7676.0,5143.0,13039.0
51790,5669.0,6971.0,12886.0
51800,20006.0,28483.0,49212.0
51810,104506.0,116434.0,225108.0
51820,5486.0,4932.0,10625.0
51830,1956.0,4756.0,6803.0
51840,5156.0,6451.0,11812.0
51041,98541.0,111094.0,212576.0
51059,162294.0,404888.0,574717.0
51153,80826.0,141946.0,225981.0
51179,37513.0,40138.0,79021.0
51680,17015.0,17932.0,35800.0
50001,6292.0,14964.0,21880.0
50019,6512.0,7147.0,14022.0
50013,1810.0,2905.0,4817.0
50027,9987.0,23392.0,34281.0
50003,7114.0,12705.0,20383.0
50025,6438.0,18767.0,25914.0
50011,11274.0,13611.0,25690.0
50005,6551.0,9011.0,16085.0
50023,8928.0,25191.0,35108.0
50015,4163.0,10240.0,14843.0
50021,14653.0,18216.0,33780.0
50009,1773.0,1405.0,3270.0
50007,21015.0,74970.0,98376.0
50017,6178.0,10281.0,16994.0
53001,3449.0,1562.0,5109.0
53003,7259.0,4233.0,11795.0
53005,59681.0,37953.0,100798.0
53007,22476.0,19005.0,42387.0
53009,22050.0,23801.0,46979.0
53011,125334.0,139219.0,271285.0
53013,1699.0,644.0,2397.0
53015,34094.0,23709.0,59376.0
53017,12619.0,7554.0,20567.0
53019,2735.0,1465.0,4292.0
53021,17583.0,12786.0,31191.0
53023,1062.0,362.0,1470.0
53025,23005.0,10730.0,34465.0
53027,18960.0,16623.0,36551.0
53029,22535.0,29003.0,53089.0
53031,6624.0,16641.0,23744.0
53033,265672.0,899383.0,1190496.0
53035,61081.0,89660.0,156434.0
53037,13778.0,11004.0,25417.0
53039,6508.0,5375.0,12104.0
53041,29318.0,14462.0,44935.0
53043,5095.0,1694.0,6916.0
53045,18342.0,16999.0,36432.0
53047,9231.0,7469.0,16985.0
53049,6930.0,6776.0,13973.0
53051,5655.0,2578.0,8422.0
53053,195085.0,246334.0,454546.0
53055,2994.0,9606.0,12896.0
53057,26975.0,32798.0,61166.0
53059,3783.0,3100.0,7066.0
53061,164121.0,253420.0,429683.0
53063,146895.0,134007.0,289666.0
53065,14566.0,6563.0,21523.0
53067,61728.0,92795.0,159188.0
53069,1711.0,1150.0,2924.0
53071,12068.0,10705.0,23300.0
53073,50041.0,82809.0,136279.0
53075,7639.0,9512.0,17704.0
53077,45686.0,37862.0,85231.0
55001,7362.0,4329.0,11806.0
55003,3845.0,4794.0,8728.0
55005,15803.0,9194.0,25316.0
55007,4617.0,6155.0,10876.0
55009,75865.0,65509.0,143623.0
55011,4834.0,2859.0,7798.0
55013,6461.0,3569.0,10138.0
55015,18142.0,12115.0,30797.0
55017,21316.0,14001.0,35908.0
55019,10001.0,4520.0,14866.0
55021,16925.0,16408.0,33847.0
55023,4620.0,3953.0,8695.0
55025,78789.0,260157.0,343599.0
55027,31354.0,16355.0,48415.0
55029,9752.0,10044.0,20076.0
55031,10919.0,13214.0,24595.0
55033,13176.0,9909.0,23526.0
55035,25339.0,31617.0,58069.0
55037,2133.0,781.0,2939.0
55039,35754.0,20588.0,57193.0
55041,3287.0,1722.0,5050.0
55043,13981.0,10942.0,25333.0
55045,10165.0,10850.0,21351.0
55047,7165.0,3344.0,10644.0
55049,5907.0,7828.0,13961.0
55051,2439.0,1533.0,4031.0
55053,5789.0,4255.0,10179.0
55055,27209.0,19904.0,47860.0
55057,8749.0,4747.0,13683.0
55059,44972.0,42191.0,88467.0
55061,7927.0,3977.0,12066.0
55063,28683.0,37843.0,67659.0
55065,4820.0,3647.0,8547.0
55067,7330.0,3703.0,11156.0
55071,27217.0,16817.0,44749.0
55073,44623.0,30807.0,76603.0
55075,15303.0,7363.0,22959.0
55077,5719.0,3239.0,9050.0
55078,278.0,1303.0,1585.0
55079,134355.0,317251.0,457318.0
55081,13775.0,8432.0,22560.0
55083,16226.0,6715.0,23211.0
55085,13671.0,10105.0,24111.0
55087,58379.0,47659.0,107956.0
55089,33912.0,26515.0,61244.0
55091,2584.0,1489.0,4138.0
55093,12813.0,9789.0,23260.0
55095,16590.0,9362.0,26318.0
55097,19298.0,20426.0,40510.0
55099,5394.0,3132.0,8642.0
55101,54475.0,50154.0,106148.0
55103,4877.0,3995.0,9005.0
55105,37133.0,46649.0,85150.0
55107,5257.0,2517.0,7879.0
55109,32190.0,23190.0,56542.0
55111,17489.0,18103.0,36172.0
55113,5883.0,4494.0,10463.0
55115,15447.0,7131.0,22878.0
55117,37624.0,27109.0,65855.0
55119,7656.0,2693.0,10678.0
55121,8828.0,6283.0,15341.0
55123,8216.0,7457.0,15907.0
55125,9261.0,5903.0,15338.0
55127,33844.0,22783.0,57441.0
55129,6332.0,3867.0,10353.0
55131,60235.0,26647.0,88026.0
55133,159633.0,103867.0,267159.0
55135,18948.0,9699.0,29081.0
55137,9016.0,4388.0,13564.0
55139,47795.0,44060.0,93790.0
55141,24307.0,16360.0,41197.0
55069,10017.0,6260.0,16496.0
54001,5094.0,1438.0,6634.0
54003,32062.0,16075.0,49146.0
54005,6775.0,2029.0,8957.0
54007,4115.0,1453.0,5650.0
54009,7516.0,2936.0,10615.0
54011,21440.0,14733.0,36795.0
54013,2346.0,563.0,2948.0
54015,2661.0,640.0,3346.0
54017,2592.0,432.0,3069.0
54019,11514.0,5031.0,16762.0
54021,1997.0,591.0,2639.0
54023,4861.0,605.0,5497.0
54025,10898.0,4641.0,15807.0
54027,7829.0,1919.0,9858.0
54029,9653.0,3670.0,13515.0
54031,4827.0,1371.0,6287.0
54033,20581.0,9149.0,30292.0
54035,10025.0,3197.0,13429.0
54037,14813.0,11831.0,27163.0
54039,46086.0,34139.0,81714.0
54041,5759.0,1531.0,7423.0
54043,5967.0,1703.0,7775.0
54045,10501.0,2325.0,12981.0
54049,16218.0,8836.0,25644.0
54051,10137.0,3348.0,13666.0
54053,8422.0,2511.0,11118.0
54047,5125.0,1323.0,6494.0
54055,19185.0,5522.0,25046.0
54057,9904.0,2579.0,12652.0
54059,8521.0,1385.0,9987.0
54061,20656.0,20064.0,41681.0
54063,5012.0,1330.0,6417.0
54065,6157.0,1945.0,8257.0
54067,8221.0,2206.0,10550.0
54069,12226.0,7139.0,19674.0
54071,2764.0,816.0,3636.0
54073,2726.0,692.0,3467.0
54075,2876.0,1039.0,3979.0
54077,11143.0,3147.0,14508.0
54079,19921.0,7824.0,28329.0
54081,24297.0,7841.0,32582.0
54083,8655.0,3353.0,12172.0
54085,3637.0,585.0,4269.0
54087,4199.0,1451.0,5745.0
54089,4068.0,1444.0,5575.0
54091,5439.0,1787.0,7334.0
54093,2833.0,933.0,3830.0
54095,3183.0,626.0,3873.0
54097,7721.0,2247.0,10161.0
54099,12462.0,3964.0,16694.0
54101,2737.0,608.0,3378.0
54103,4933.0,1529.0,6596.0
54105,2103.0,461.0,2617.0
54107,26963.0,10816.0,38403.0
54109,7254.0,1149.0,8485.0
56001,8575.0,9091.0,18439.0
56003,4806.0,788.0,5714.0
56005,16973.0,1935.0,19462.0
56007,5012.0,1427.0,6630.0
56009,5916.0,861.0,6941.0
56011,3651.0,378.0,4105.0
56013,12007.0,5519.0,18004.0
56015,4878.0,1203.0,6210.0
56017,1999.0,482.0,2566.0
56019,3881.0,897.0,4891.0
56021,27814.0,15181.0,44546.0
56023,8673.0,1509.0,10420.0
56025,25267.0,8528.0,34984.0
56027,1118.0,155.0,1305.0
56029,12802.0,3404.0,16584.0
56031,3898.0,890.0,4902.0
56033,11843.0,4043.0,16339.0
56035,3957.0,882.0,4947.0
56037,12197.0,3822.0,16488.0
56039,4341.0,9848.0,14533.0
56041,7494.0,1591.0,9336.0
56043,3245.0,651.0,3993.0
56045,3107.0,360.0,3533.0
