ad,ed,silwa,mateo,writein
23,1,90,21,1
23,2,109,23,3
23,3,57,31,3
23,4,6,3,1
23,5,57,11,1
23,6,46,12,2
23,7,60,8,1
23,8,49,17,3
23,9,35,12,5
23,10,50,14,1
23,11,43,7,5
23,12,20,10,1
23,13,28,10,3
23,14,57,12,5
23,15,18,4,0
23,16,23,3,0
23,17,17,4,0
23,18,3,1,0
23,19,2,7,1
23,20,0,0,0
23,21,14,5,2
23,22,0,0,0
23,23,4,1,0
23,24,2,0,0
23,25,29,10,1
23,26,7,1,0
23,27,33,7,5
23,28,16,1,8
23,29,2,2,0
23,30,9,1,4
23,31,7,5,1
23,32,0,0,0
23,33,0,2,1
23,34,0,0,1
23,35,14,3,1
23,36,19,3,2
23,37,20,12,1
23,38,0,0,0
23,39,26,7,3
23,40,63,37,0
23,41,53,25,2
23,42,4,0,0
23,43,4,1,0
23,44,47,20,2
23,45,74,28,1
23,46,49,34,3
23,47,28,16,1
23,48,25,18,1
23,49,60,34,1
23,50,40,28,0
23,51,56,31,4
23,52,45,26,2
23,53,22,12,0
23,54,13,16,0
23,55,13,6,1
23,56,16,3,0
23,57,6,3,1
23,58,17,5,0
23,59,14,3,0
23,60,10,5,0
23,61,35,13,1
23,62,30,8,2
23,63,11,9,0
23,64,39,21,2
23,65,18,8,3
23,66,5,6,0
23,67,4,2,0
23,68,0,0,3
23,69,7,7,0
23,70,10,2,1
23,71,0,0,0
23,72,0,0,0
23,73,0,0,0
23,74,0,0,0
23,75,0,0,0
23,76,0,0,0
23,77,0,0,0
23,78,0,0,0
23,79,0,0,0
23,80,0,0,0
23,81,0,0,0
23,82,0,0,0
23,83,0,0,0
23,84,12,3,3
23,85,23,1,3
23,86,15,5,0
23,87,10,6,1
23,88,9,3,1
23,89,17,2,0
23,90,30,23,5
23,91,0,2,0
23,92,31,10,2
23,93,6,2,0
24,1,19,6,0
24,2,25,7,1
24,3,22,6,1
24,4,11,2,0
24,5,16,4,1
24,6,37,7,0
24,7,16,3,0
24,8,2,1,0
24,9,1,0,0
24,10,13,1,0
24,11,9,1,0
24,12,2,0,0
24,13,12,1,0
24,14,11,5,0
24,15,17,4,1
24,16,5,4,1
24,17,21,2,7
24,18,11,5,1
24,19,22,7,0
24,20,23,7,2
24,21,16,3,1
24,22,19,8,1
24,23,1,1,0
24,24,15,4,1
24,25,13,4,0
24,26,4,3,1
24,27,2,3,0
24,28,15,2,1
24,29,2,1,0
24,30,4,1,0
24,31,5,1,0
24,32,5,2,1
24,33,38,6,4
24,34,18,2,0
24,35,5,1,1
24,36,2,1,0
24,37,3,0,1
24,38,2,0,0
24,39,2,0,0
24,40,8,3,0
24,41,3,4,0
24,42,3,0,0
24,43,5,1,1
24,44,5,4,0
24,45,7,2,0
24,46,7,1,0
24,47,5,2,0
24,48,0,0,0
24,49,9,7,1
24,50,9,4,0
24,51,0,0,0
24,52,4,1,0
24,53,9,5,2
24,54,4,2,0
24,55,0,0,0
24,56,0,1,0
24,57,1,1,0
24,58,1,0,0
24,59,2,4,1
24,60,0,0,0
24,61,10,4,0
24,62,1,0,0
24,63,0,0,0
24,64,0,0,0
24,65,1,2,0
24,66,3,0,0
24,67,1,3,0
24,68,8,5,0
24,69,2,1,0
24,70,5,2,0
24,71,1,0,0
24,72,5,0,0
24,73,4,0,0
24,74,1,0,0
24,75,4,1,0
24,76,2,0,0
24,77,3,3,0
24,78,5,0,0
24,79,0,2,0
24,80,0,0,0
24,81,0,0,0
24,82,0,0,0
24,83,0,0,0
24,84,10,5,1
24,85,6,1,0
24,86,4,1,0
24,87,0,1,0
24,88,4,0,0
24,89,18,5,0
24,90,2,0,0
24,91,5,0,0
25,1,4,1,0
25,2,1,0,0
25,3,8,3,0
25,4,12,3,1
25,5,2,1,0
25,6,8,5,1
25,7,5,1,0
25,8,9,0,0
25,9,6,0,1
25,10,5,1,1
25,11,23,1,1
25,12,8,1,2
25,13,8,11,0
25,14,18,5,0
25,15,5,7,3
25,16,7,2,0
25,17,9,2,0
25,18,6,2,0
25,19,5,0,0
25,20,7,3,1
25,21,10,6,0
25,22,15,3,0
25,23,7,2,0
25,24,12,10,3
25,25,17,4,0
25,26,0,1,0
25,27,13,1,2
25,28,12,1,6
25,29,16,8,3
25,30,18,6,0
25,31,4,3,0
25,32,14,9,1
25,33,7,9,0
25,34,1,1,0
25,35,14,9,0
25,36,8,7,0
25,37,22,2,0
25,38,9,6,0
25,39,22,5,2
25,40,18,4,0
25,41,4,0,0
25,42,5,11,0
25,43,13,3,0
25,44,12,6,0
25,45,5,5,3
25,46,3,0,0
25,47,5,3,0
25,48,3,5,0
25,49,5,3,4
25,50,3,2,0
25,51,2,7,1
25,52,8,2,0
25,53,4,2,0
25,54,6,2,1
25,55,2,3,1
25,56,4,2,0
25,57,10,6,0
25,58,11,9,0
25,59,3,5,0
25,60,11,0,0
25,61,15,2,1
25,62,1,4,0
25,63,4,2,0
25,64,15,7,1
25,65,12,0,0
25,66,0,0,0
25,67,0,0,0
25,68,2,4,0
25,69,9,5,0
25,70,3,0,0
25,71,4,4,2
25,72,3,4,2
25,73,10,7,2
25,74,4,1,0
25,75,6,3,0
25,76,8,2,0
25,77,14,5,2
25,78,12,3,0
25,79,6,1,1
26,1,16,5,1
26,2,6,0,0
26,3,33,11,3
26,4,24,16,0
26,5,27,5,0
26,6,22,9,0
26,7,22,13,0
26,8,44,10,0
26,9,39,18,3
26,10,30,9,1
26,11,61,25,0
26,12,42,16,3
26,13,24,20,0
26,14,55,20,0
26,15,51,18,0
26,16,23,6,1
26,17,30,12,0
26,18,61,17,0
26,19,14,6,0
26,20,24,10,1
26,21,12,6,1
26,22,29,6,0
26,23,18,8,0
26,24,12,5,1
26,25,17,4,1
26,26,16,4,0
26,27,15,5,0
26,28,40,14,3
26,29,27,13,1
26,30,29,13,1
26,31,40,7,1
26,32,15,21,0
26,33,21,7,1
26,34,28,11,4
26,35,23,19,3
26,36,7,1,0
26,37,19,4,1
26,38,0,0,0
26,39,6,4,0
26,40,6,6,0
26,41,7,2,0
26,42,21,3,2
26,43,6,5,1
26,44,8,2,0
26,45,19,8,1
26,46,22,10,0
26,47,21,7,1
26,48,17,5,2
26,49,9,13,1
26,50,15,1,0
26,51,3,5,0
26,52,21,9,1
26,53,6,6,1
26,54,12,5,1
26,55,19,9,3
26,56,11,5,1
26,57,23,7,0
26,58,22,8,0
26,59,26,7,0
26,60,32,16,1
26,61,23,8,0
26,62,14,7,1
26,63,22,5,0
26,64,28,17,1
26,65,11,5,0
26,66,31,17,4
26,67,32,13,2
26,68,42,14,4
26,69,7,5,1
26,70,11,11,1
26,71,1,0,0
26,72,17,4,1
26,73,0,0,0
26,74,5,3,0
26,75,16,5,0
26,76,23,10,0
26,77,0,0,0
26,78,0,0,0
26,79,16,7,1
26,80,8,5,1
26,81,23,22,11
26,82,5,6,0
26,83,17,6,2
26,84,2,0,0
26,85,14,0,0
27,1,15,2,0
27,2,3,0,0
27,3,5,4,2
27,4,6,1,0
27,5,12,0,0
27,6,13,1,1
27,7,4,2,0
27,8,8,1,0
27,9,2,0,0
27,10,0,0,0
27,11,0,0,0
27,12,8,0,0
27,13,15,2,1
27,14,14,8,0
27,15,3,4,0
27,16,8,4,0
27,17,0,1,0
27,18,10,1,0
27,19,6,3,1
27,20,9,2,0
27,21,5,5,0
27,22,4,1,1
27,23,51,32,3
27,24,17,2,2
27,25,7,2,0
27,26,10,2,3
27,27,6,1,0
27,28,14,3,1
27,29,3,2,0
27,30,5,0,1
27,31,0,0,0
27,32,0,1,0
27,33,1,0,0
27,34,8,3,0
27,35,2,3,0
27,36,7,3,0
27,37,1,1,0
27,38,10,3,0
27,39,3,2,0
27,40,0,0,0
27,41,1,0,0
27,42,12,10,0
27,43,8,1,1
27,44,7,2,0
27,45,9,4,2
27,46,5,0,0
27,47,2,3,0
27,48,6,2,1
27,49,8,0,1
27,50,13,0,0
27,51,91,18,0
27,52,11,3,0
27,53,13,3,0
27,54,5,1,0
27,55,6,4,0
27,56,3,0,0
27,57,26,9,0
27,58,0,0,0
27,59,32,10,1
27,60,11,1,0
27,61,9,6,0
27,62,10,5,1
27,63,12,3,0
27,64,12,6,2
27,65,18,3,2
27,66,23,7,3
27,67,20,6,1
27,68,25,3,3
27,69,0,0,0
27,70,0,0,0
27,71,0,0,0
27,72,0,0,0
27,73,0,0,0
27,74,0,0,0
27,75,0,0,0
27,76,0,0,0
27,77,0,0,0
27,78,0,0,0
27,79,4,6,1
27,80,5,2,0
27,81,16,3,0
27,82,0,1,0
27,83,9,1,0
27,84,5,1,0
27,85,1,0,0
27,86,12,1,0
27,87,19,1,0
27,88,6,0,0
27,89,11,2,4
28,1,6,2,0
28,2,8,2,0
28,3,21,4,1
28,4,7,4,0
28,5,4,2,0
28,6,10,7,0
28,7,4,4,0
28,8,3,4,1
28,9,8,4,0
28,10,12,4,1
28,11,6,3,0
28,12,10,1,0
28,13,0,0,0
28,14,11,3,0
28,15,31,8,0
28,16,41,12,1
28,17,40,10,1
28,18,14,4,0
28,19,16,1,2
28,20,10,3,0
28,21,17,3,0
28,22,28,3,1
28,23,9,2,1
28,24,7,4,0
28,25,8,1,0
28,26,6,0,0
28,27,6,2,1
28,28,10,5,0
28,29,11,6,0
28,30,14,2,0
28,31,14,1,1
28,32,13,8,0
28,33,2,0,0
28,34,0,0,0
28,35,16,3,1
28,36,9,2,0
28,37,9,0,0
28,38,7,3,0
28,39,5,0,0
28,40,8,0,0
28,41,6,3,1
28,42,6,1,0
28,43,9,4,3
28,44,2,0,0
28,45,11,8,1
28,46,6,1,1
28,47,22,3,1
28,48,17,6,0
28,49,1,2,0
28,50,11,5,1
28,51,12,3,0
28,52,3,2,0
28,53,7,1,0
28,54,6,3,0
28,55,4,2,0
28,56,15,6,1
28,57,6,3,0
28,58,11,0,1
28,59,2,2,0
28,60,8,5,1
28,61,27,5,0
28,62,11,2,0
28,63,10,3,0
28,64,13,4,2
28,65,20,3,1
28,66,16,8,4
28,67,18,3,3
28,68,26,5,1
28,69,24,5,1
28,70,20,6,0
28,71,42,8,2
28,72,28,8,0
28,73,25,6,0
28,74,30,5,2
28,75,43,5,2
28,76,51,17,0
28,77,40,11,0
28,78,9,3,1
28,79,0,0,0
28,80,14,4,0
28,81,20,8,0
28,82,29,9,0
28,83,29,5,0
28,84,6,3,0
28,85,4,1,0
28,86,16,5,1
28,87,8,3,0
28,88,8,1,0
28,89,7,12,0
29,1,1,0,0
29,2,0,3,0
29,3,3,0,0
29,4,1,1,0
29,5,1,0,0
29,6,5,2,0
29,7,1,0,0
29,8,1,3,1
29,9,4,3,2
29,10,5,1,0
29,11,4,2,0
29,12,1,1,0
29,13,8,2,0
29,14,0,0,0
29,15,2,2,0
29,16,3,0,0
29,17,2,2,0
29,18,0,0,1
29,19,1,1,0
29,20,0,0,0
29,21,0,0,0
29,22,0,0,0
29,23,1,0,0
29,24,1,1,0
29,25,0,0,1
29,26,0,1,0
29,27,2,0,0
29,28,0,0,1
29,29,0,0,0
29,30,0,0,0
29,31,0,2,0
29,32,0,0,0
29,33,0,0,0
29,34,0,1,1
29,35,0,0,1
29,36,0,0,0
29,37,2,1,0
29,38,1,1,0
29,39,2,2,0
29,40,0,0,0
29,41,0,0,1
29,42,0,0,0
29,43,1,0,0
29,44,1,0,0
29,45,2,0,0
29,46,0,0,0
29,47,0,2,0
29,48,0,1,0
29,49,0,1,0
29,50,0,0,1
29,51,1,0,0
29,52,0,0,0
29,53,0,1,0
29,54,1,0,0
29,55,1,0,0
29,56,0,0,0
29,57,0,0,0
29,58,1,0,0
29,59,1,0,0
29,60,0,0,0
29,61,6,0,0
29,62,0,1,0
29,63,0,0,0
29,64,0,0,0
29,65,0,0,0
29,66,1,0,0
29,67,1,2,0
29,68,1,0,0
29,69,0,0,0
29,70,0,0,0
29,71,2,0,0
29,72,4,6,0
29,73,4,0,0
29,74,0,2,0
29,75,0,0,0
29,76,13,1,0
29,77,0,0,0
29,78,0,0,0
29,79,0,1,0
29,80,0,0,0
30,1,5,0,0
30,2,15,3,0
30,3,3,0,0
30,4,24,6,1
30,5,54,6,1
30,6,41,6,1
30,7,41,6,2
30,8,44,10,2
30,9,48,18,2
30,10,18,11,2
30,11,25,8,1
30,12,44,15,0
30,13,41,8,2
30,14,30,7,2
30,15,31,10,0
30,16,19,0,0
30,17,28,4,2
30,18,18,7,1
30,19,1,0,0
30,20,13,1,0
30,21,15,3,3
30,22,21,2,0
30,23,16,3,3
30,24,20,1,0
30,25,19,1,0
30,26,30,1,0
30,27,16,2,1
30,28,0,1,0
30,29,0,0,0
30,30,7,2,0
30,31,8,1,0
30,32,0,0,0
30,33,2,1,0
30,34,0,0,0
30,35,1,0,0
30,36,6,1,0
30,37,7,5,1
30,38,2,0,1
30,39,17,9,1
30,40,9,1,0
30,41,3,1,0
30,42,7,4,0
30,43,2,2,1
30,44,6,4,0
30,45,5,0,0
30,46,6,8,2
30,47,10,5,1
30,48,39,7,0
30,49,6,2,0
30,50,10,2,2
30,51,10,2,0
30,52,5,0,0
30,53,5,2,0
30,54,1,0,0
30,55,8,3,1
30,56,2,1,0
30,57,3,2,0
30,58,1,2,0
30,59,3,0,0
30,60,10,3,0
30,61,6,6,0
30,62,1,2,0
30,63,2,0,0
30,64,3,2,2
30,65,6,2,0
30,66,2,3,0
30,67,3,0,0
30,68,3,2,1
30,69,3,0,0
30,70,0,0,0
30,71,0,0,0
30,72,0,0,0
30,73,33,12,0
30,74,19,5,0
30,75,4,5,0
30,76,6,1,0
30,77,8,2,0
30,78,3,0,0
30,79,0,0,0
30,80,1,1,0
30,81,7,4,1
30,82,2,8,0
31,1,4,3,0
31,2,5,2,0
31,3,3,0,0
31,4,3,1,0
31,5,3,2,1
31,6,0,0,0
31,7,2,1,0
31,8,5,4,0
31,9,3,0,0
31,10,4,0,0
31,11,4,2,1
31,12,3,5,0
31,13,0,2,0
31,14,2,1,0
31,15,2,0,0
31,16,0,0,0
31,17,1,0,0
31,18,0,1,0
31,19,1,0,0
31,20,5,1,0
31,21,1,0,0
31,22,3,0,0
31,23,14,2,1
31,24,4,1,0
31,25,2,1,0
31,26,7,6,0
31,27,7,4,0
31,28,5,3,0
31,29,0,0,0
31,30,0,0,0
31,31,0,1,0
31,32,1,4,0
31,33,0,0,0
31,34,0,2,1
31,35,0,0,0
31,36,1,1,0
31,37,1,0,0
31,38,0,0,0
31,39,2,0,0
31,40,0,0,0
31,41,0,0,0
31,42,0,0,0
31,43,1,0,0
31,44,0,0,0
31,45,0,1,0
31,46,0,0,0
31,47,0,0,1
31,48,0,0,0
31,49,0,0,0
31,50,1,0,0
31,51,0,3,0
31,52,0,1,0
31,53,0,0,0
31,54,2,2,0
31,55,0,0,0
31,56,1,0,0
31,57,5,0,0
31,58,1,0,0
31,59,1,2,0
31,60,0,0,0
31,61,0,1,0
31,62,0,0,0
31,63,0,0,2
31,64,0,0,0
31,65,0,0,0
31,66,0,0,0
31,67,0,0,0
31,68,0,0,0
31,69,0,0,0
31,70,0,0,0
31,71,0,0,0
31,72,0,0,0
31,73,0,0,0
31,74,0,0,0
31,75,0,0,0
31,76,0,0,0
31,77,0,0,0
31,78,2,2,0
31,79,0,0,0
31,80,1,0,0
31,81,7,0,0
31,82,1,0,0
31,83,2,0,0
31,84,0,0,0
31,85,0,0,0
31,86,0,1,0
32,1,1,0,0
32,2,0,0,0
32,3,2,2,0
32,4,2,3,1
32,5,1,0,0
32,6,1,0,0
32,7,0,0,0
32,8,0,0,0
32,9,0,0,0
32,10,0,0,0
32,11,1,0,0
32,12,0,0,0
32,13,2,0,0
32,14,0,0,0
32,15,1,0,0
32,16,1,1,0
32,17,3,0,0
32,18,1,0,0
32,19,2,1,1
32,20,0,4,0
32,21,2,1,0
32,22,2,0,0
32,23,0,0,0
32,24,0,0,0
32,25,0,0,0
32,26,1,1,0
32,27,0,0,0
32,28,1,0,0
32,29,1,0,0
32,30,0,0,0
32,31,3,0,0
32,32,0,1,0
32,33,0,0,0
32,34,1,1,0
32,35,0,2,0
32,36,1,0,0
32,37,2,2,0
32,38,3,0,0
32,39,1,0,0
32,40,1,1,0
32,41,1,0,0
32,42,0,0,0
32,43,0,0,0
32,44,0,0,0
32,45,0,1,0
32,46,1,1,0
32,47,0,0,0
32,48,0,0,0
32,49,1,0,0
32,50,0,0,0
32,51,0,0,0
32,52,0,0,0
32,53,0,0,0
32,54,0,0,0
32,55,0,1,0
32,56,0,0,0
32,57,0,0,0
32,58,2,1,0
32,59,1,0,0
32,60,0,1,0
32,61,0,0,0
32,62,1,1,0
32,63,1,1,0
32,64,0,2,0
32,65,1,0,0
32,66,0,0,0
32,67,1,0,0
32,68,0,0,1
32,69,0,0,0
32,70,0,2,0
32,71,0,0,0
32,72,0,0,0
32,73,1,0,1
32,74,0,0,0
32,75,0,0,0
32,76,0,0,0
32,77,0,0,0
32,78,0,2,0
32,79,1,0,0
32,80,1,3,0
32,81,3,1,0
32,82,0,0,0
32,83,0,0,0
32,84,0,0,0
33,1,14,4,1
33,2,12,0,0
33,3,4,0,1
33,4,6,6,1
33,5,4,0,1
33,6,8,5,0
33,7,25,7,0
33,8,18,5,0
33,9,20,6,0
33,10,11,11,0
33,11,25,9,1
33,12,6,1,1
33,13,9,8,0
33,14,6,3,0
33,15,11,4,0
33,16,3,1,0
33,17,15,3,0
33,18,5,2,2
33,19,3,3,1
33,20,2,4,0
33,21,3,3,0
33,22,2,0,0
33,23,2,2,0
33,24,2,2,0
33,25,3,4,0
33,26,2,2,1
33,27,1,0,1
33,28,1,0,0
33,29,0,0,0
33,30,0,0,0
33,31,0,0,0
33,32,1,0,0
33,33,0,0,0
33,34,0,0,0
33,35,0,0,0
33,36,0,0,0
33,37,0,0,0
33,38,0,0,0
33,39,1,0,0
33,40,0,0,0
33,41,1,0,0
33,42,0,0,0
33,43,4,0,1
33,44,0,0,0
33,45,1,0,0
33,46,0,0,1
33,47,1,0,0
33,48,2,0,0
33,49,5,0,0
33,50,0,0,0
33,51,3,2,1
33,52,1,3,0
33,53,0,1,0
33,54,2,0,0
33,55,1,0,0
33,56,0,1,0
33,57,0,0,0
33,58,0,0,1
33,59,2,0,0
33,60,3,0,1
33,61,0,0,0
33,62,0,0,0
33,63,0,0,0
33,64,3,1,0
33,65,0,1,0
33,66,0,0,0
33,67,0,1,0
33,68,0,0,0
33,69,0,0,0
33,70,1,0,0
33,71,0,0,0
33,72,0,0,0
33,73,0,0,0
33,74,5,1,0
33,75,4,1,0
33,76,2,0,0
33,77,0,1,0
33,78,0,0,0
33,79,1,0,0
34,1,0,2,0
34,2,4,0,0
34,3,5,0,0
34,4,0,0,0
34,5,1,4,0
34,6,1,0,0
34,7,0,1,0
34,8,7,8,0
34,9,6,6,0
34,10,5,1,0
34,11,0,1,0
34,12,1,3,0
34,13,3,2,0
34,14,8,2,3
34,15,6,1,0
34,16,12,11,0
34,17,2,5,0
34,18,0,0,0
34,19,9,5,1
34,20,5,4,0
34,21,2,0,0
34,22,8,2,2
34,23,7,3,1
34,24,11,2,0
34,25,7,4,1
34,26,4,3,0
34,27,12,3,1
34,28,2,0,0
34,29,7,0,1
34,30,0,0,0
34,31,2,1,0
34,32,2,3,1
34,33,1,1,0
34,34,0,0,0
34,35,3,1,0
34,36,2,0,0
34,37,7,4,1
34,38,7,4,0
34,39,2,2,0
34,40,7,9,0
34,41,5,10,0
34,42,4,2,0
34,43,1,0,0
34,44,1,0,0
34,45,4,0,0
34,46,2,1,0
34,47,1,0,0
34,48,3,0,1
34,49,2,2,0
34,50,1,0,0
34,51,8,5,0
34,52,8,2,0
34,53,0,0,0
34,54,0,0,0
34,55,0,0,0
34,56,1,0,0
34,57,2,0,1
34,58,0,0,0
34,59,0,0,0
34,60,5,2,2
34,61,0,0,0
34,62,3,0,0
34,63,4,4,0
34,64,0,0,0
34,65,1,3,0
34,66,3,2,0
34,67,3,0,0
34,68,5,3,1
34,69,7,4,0
34,70,1,1,0
34,71,1,3,1
34,72,9,2,0
34,73,2,1,1
35,1,3,0,0
35,2,18,5,1
35,3,7,7,1
35,4,15,1,0
35,5,1,2,1
35,6,5,5,0
35,7,6,5,0
35,8,0,3,0
35,9,1,0,0
35,10,0,1,0
35,11,6,2,0
35,12,1,0,0
35,13,3,3,0
35,14,0,1,0
35,15,0,0,0
35,16,0,1,1
35,17,1,2,0
35,18,0,0,1
35,19,2,2,0
35,20,1,1,0
35,21,0,0,0
35,22,0,1,0
35,23,12,1,0
35,24,7,4,4
35,25,0,1,0
35,26,5,3,0
35,27,6,2,0
35,28,1,2,0
35,29,0,0,0
35,30,4,1,0
35,31,0,0,0
35,32,1,1,0
35,33,8,1,0
35,34,0,0,0
35,35,1,0,0
35,36,1,0,0
35,37,1,2,0
35,38,4,2,0
35,39,1,1,0
35,40,5,1,0
35,41,0,5,0
35,42,1,0,0
35,43,1,0,0
35,44,1,1,1
35,45,0,0,0
35,46,1,0,0
35,47,0,0,0
35,48,1,0,0
35,49,3,2,0
35,50,3,2,0
35,51,1,1,0
35,52,2,6,1
35,53,2,0,0
35,54,0,0,0
35,55,0,0,0
35,56,0,0,0
35,57,0,0,0
35,58,0,0,0
35,59,0,0,0
35,60,0,0,0
35,61,0,0,0
35,62,0,0,0
35,63,1,2,0
35,64,10,1,1
35,65,0,0,0
35,66,1,0,0
36,1,13,4,1
36,2,16,5,1
36,3,1,0,0
36,4,11,1,0
36,5,1,5,0
36,6,1,2,0
36,7,1,2,0
36,8,5,3,0
36,9,3,0,0
36,10,2,3,1
36,11,3,2,0
36,12,4,2,0
36,13,9,4,0
36,14,4,5,0
36,15,5,5,0
36,16,6,0,0
36,17,0,4,0
36,18,2,2,0
36,19,2,1,0
36,20,3,9,1
36,21,2,1,0
36,22,3,4,1
36,23,4,2,0
36,24,3,2,0
36,25,2,2,0
36,26,3,5,0
36,27,10,5,1
36,28,9,2,0
36,29,7,1,1
36,30,5,4,0
36,31,8,8,1
36,32,8,3,0
36,33,4,1,0
36,34,6,1,0
36,35,2,7,0
36,36,4,0,0
36,37,4,4,0
36,38,4,2,0
36,39,4,2,0
36,40,2,2,0
36,41,4,7,1
36,42,4,8,0
36,43,4,4,0
36,44,0,0,0
36,45,4,2,0
36,46,2,12,0
36,47,15,4,2
36,48,13,5,2
36,49,10,5,0
36,50,3,1,0
36,51,1,1,0
36,52,4,3,0
36,53,23,7,0
36,54,13,11,0
36,55,11,7,0
36,56,4,4,3
36,57,3,5,0
36,58,3,2,1
36,59,4,1,0
36,60,2,2,0
36,61,3,2,0
36,62,5,1,0
36,63,2,3,0
36,64,4,1,0
36,65,0,0,0
36,66,2,3,0
36,67,3,3,1
36,68,0,0,0
36,69,0,0,0
36,70,0,0,0
36,71,0,0,0
36,72,4,6,0
36,73,3,2,0
36,74,4,6,1
36,75,4,1,0
36,76,2,1,0
36,77,2,1,0
36,78,4,1,0
36,79,3,3,0
36,80,4,2,0
36,81,2,2,0
36,82,10,3,1
36,83,8,10,0
37,1,4,3,0
37,2,3,1,0
37,3,2,1,0
37,4,0,0,0
37,5,3,0,0
37,6,2,1,0
37,7,1,0,1
37,8,2,0,0
37,9,0,1,0
37,10,0,2,1
37,11,1,0,0
37,12,0,0,0
37,13,1,0,0
37,14,1,2,0
37,15,0,0,0
37,16,0,0,0
37,17,1,0,0
37,18,4,2,1
37,19,2,1,0
37,20,2,2,0
37,21,5,4,0
37,22,3,1,0
37,23,11,3,1
37,24,2,6,0
37,25,0,0,0
37,26,0,0,0
37,27,4,1,0
37,28,14,4,0
37,29,4,3,0
37,30,13,4,0
37,31,9,1,1
37,32,16,4,0
37,33,10,1,3
37,34,3,1,0
37,35,0,1,0
37,36,6,1,0
37,37,3,0,0
37,38,3,1,0
37,39,8,6,1
37,40,0,0,0
37,41,2,0,0
37,42,6,3,0
37,43,9,5,0
37,44,20,1,0
37,45,20,10,1
37,46,13,2,1
37,47,8,9,0
37,48,14,2,0
37,49,17,4,1
37,50,6,5,1
37,51,0,0,0
37,52,8,1,2
37,53,0,0,0
37,54,3,1,0
37,55,0,0,0
37,56,3,1,0
37,57,1,1,0
37,58,3,2,0
37,59,5,1,0
37,60,0,0,0
37,61,7,4,0
37,62,14,3,0
37,63,9,1,0
37,64,8,2,0
37,65,4,2,1
37,66,0,0,0
37,67,9,2,0
37,68,4,2,0
37,69,0,0,0
37,70,0,0,0
37,71,0,0,0
37,72,0,0,0
37,73,0,0,0
37,74,0,0,0
37,75,7,1,1
37,76,0,0,1
37,77,7,3,1
37,78,7,1,2
37,79,4,3,2
37,80,1,3,0
37,81,1,0,0
37,82,9,3,0
37,83,13,5,1
37,84,13,0,1
37,85,17,3,1
37,86,2,3,0
37,87,1,1,0
37,88,0,0,0
38,1,0,0,0
38,2,0,0,0
38,3,0,0,0
38,4,4,2,0
38,5,3,3,0
38,6,5,1,0
38,7,2,0,0
38,8,6,4,0
38,9,7,2,1
38,10,13,4,1
38,11,0,0,0
38,12,10,4,0
38,13,3,6,0
38,14,16,3,0
38,15,8,2,0
38,16,9,4,2
38,17,20,8,1
38,18,30,11,2
38,19,19,7,1
38,20,2,0,0
38,21,4,0,2
38,22,28,11,1
38,23,6,2,0
38,24,1,2,0
38,25,1,0,1
38,26,5,0,0
38,27,5,1,1
38,28,25,0,3
38,29,3,1,1
38,30,4,0,0
38,31,3,2,0
38,32,7,2,0
38,33,5,2,1
38,34,0,0,0
38,35,0,0,0
38,36,0,1,0
38,37,2,1,1
38,38,0,5,0
38,39,8,1,0
38,40,3,0,0
38,41,7,3,1
38,42,9,3,0
38,43,4,1,0
38,44,4,0,0
38,45,1,1,3
38,46,3,2,0
38,47,7,6,0
38,48,14,4,2
38,49,7,4,0
38,50,7,6,0
38,51,7,4,0
38,52,10,4,0
38,53,3,0,0
38,54,11,4,1
38,55,9,5,0
38,56,8,9,0
38,57,10,9,2
38,58,10,3,0
38,59,12,1,0
38,60,0,0,0
38,61,0,0,0
38,62,2,2,1
38,63,7,1,0
38,64,2,0,0
38,65,8,2,1
38,66,11,1,1
38,67,12,3,0
38,68,0,5,0
38,69,0,4,1
38,70,1,0,1
38,71,12,7,0
39,1,3,1,0
39,2,1,1,0
39,3,4,1,0
39,4,1,0,0
39,5,3,4,1
39,6,5,0,1
39,7,8,2,1
39,8,2,11,0
39,9,2,0,0
39,10,3,0,0
39,11,4,3,1
39,12,3,0,0
39,13,3,3,0
39,14,4,1,0
39,15,0,1,0
39,16,1,1,1
39,17,3,0,0
39,18,4,4,0
39,19,3,3,0
39,20,0,0,0
39,21,1,0,0
39,22,2,0,0
39,23,0,1,0
39,24,3,1,2
39,25,2,0,1
39,26,0,1,0
39,27,0,1,0
39,28,0,0,1
39,29,7,2,0
39,30,8,3,0
39,31,6,5,0
39,32,4,3,0
39,33,3,1,0
39,34,7,5,0
39,35,8,4,0
39,36,0,1,0
39,37,5,3,0
39,38,2,0,0
39,39,0,0,0
39,40,2,0,0
39,41,5,0,1
39,42,2,0,0
39,43,6,2,0
39,44,3,2,0
39,45,6,2,0
39,46,5,3,0
39,47,10,5,0
39,48,10,2,1
39,49,3,2,0
39,50,2,0,0
39,51,6,3,0
39,52,4,2,1
39,53,1,1,0
39,54,0,0,1
39,55,5,2,0
39,56,11,1,1
40,1,43,12,0
40,2,19,12,0
40,3,1,4,1
40,4,30,10,0
40,5,32,15,2
40,6,44,21,0
40,7,32,9,1
40,8,3,3,0
40,9,25,10,3
40,10,0,0,0
40,11,3,1,0
40,12,1,1,1
40,13,28,12,0
40,14,12,4,0
40,15,9,7,1
40,16,12,2,1
40,17,5,7,0
40,18,5,2,0
40,19,6,1,0
40,20,1,3,0
40,21,3,2,0
40,22,8,1,1
40,23,2,2,0
40,24,1,2,0
40,25,1,1,0
40,26,6,7,1
40,27,6,1,0
40,28,2,0,0
40,29,4,2,0
40,30,12,6,1
40,31,2,4,0
40,32,3,2,1
40,33,1,2,1
40,34,1,1,1
40,35,1,5,0
40,36,5,2,0
40,37,7,5,0
40,38,1,3,2
40,39,7,5,0
40,40,6,3,1
40,41,8,1,2
40,42,6,2,0
40,43,5,3,1
40,44,7,3,0
40,45,4,0,1
40,46,2,3,1
40,47,11,5,1
40,48,14,2,0
40,49,6,3,0
40,50,3,2,0
40,51,8,3,0
40,52,9,1,1
40,53,11,4,0
40,54,0,0,0
40,55,0,0,0
40,56,8,0,0
40,57,13,4,0
40,58,1,0,0
40,59,3,4,0
40,60,7,3,0
41,1,10,0,0
41,2,13,3,0
41,3,10,8,1
41,4,15,3,0
41,5,8,1,1
41,6,8,4,1
41,7,15,4,0
41,8,6,5,1
41,9,17,3,0
41,10,8,6,0
41,11,5,2,0
41,12,10,1,0
41,13,0,0,0
41,14,0,1,0
41,15,9,0,0
41,16,11,5,1
41,17,28,2,2
41,18,15,3,1
41,19,0,0,0
41,20,6,4,0
41,21,11,6,1
41,22,9,1,0
41,23,0,0,0
41,24,0,0,0
41,25,1,3,0
41,26,0,1,0
41,27,1,1,0
41,28,8,1,0
41,29,0,0,0
41,30,1,0,0
41,31,0,0,0
41,32,1,0,0
41,33,0,1,0
41,34,0,0,0
41,35,20,4,0
41,36,13,4,1
41,37,0,0,0
41,38,1,0,0
41,39,1,2,0
41,40,0,0,1
41,41,1,0,0
41,42,5,5,0
41,43,0,1,0
41,44,3,3,0
41,45,0,1,0
41,46,19,7,0
41,47,1,0,0
41,48,0,0,0
41,49,1,1,0
41,50,4,3,2
41,51,0,0,0
41,52,2,1,0
41,53,3,0,0
41,54,1,0,0
41,55,0,1,0
41,56,17,5,1
41,57,10,1,0
41,58,13,4,2
41,59,15,4,1
41,60,6,3,2
41,61,7,0,1
41,62,10,1,2
41,63,13,7,0
41,64,20,9,0
41,65,3,1,0
41,66,0,1,1
41,67,2,0,0
41,68,1,0,0
41,69,1,2,1
41,70,22,3,2
41,71,15,3,0
41,72,16,5,0
41,73,13,4,0
41,74,32,3,0
41,75,4,3,0
41,76,15,1,1
41,77,18,1,0
41,78,9,6,2
41,79,8,4,1
41,80,2,0,0
41,81,8,3,0
41,82,20,3,2
41,83,8,3,1
41,84,16,4,2
41,85,9,4,0
41,86,26,5,0
41,87,9,1,0
41,88,30,3,0
41,89,7,1,0
41,90,6,0,1
41,91,6,0,0
41,92,6,1,0
41,93,0,0,0
41,94,9,3,1
41,95,16,5,1
41,96,0,0,0
41,97,0,0,0
41,98,0,0,0
41,99,0,0,0
42,1,1,1,0
42,2,0,0,0
42,3,0,0,0
42,4,2,0,0
42,5,1,0,0
42,6,0,0,0
42,7,0,0,0
42,8,0,1,0
42,9,2,0,0
42,10,0,3,1
42,11,3,1,0
42,12,0,0,0
42,13,0,1,1
42,14,0,0,0
42,15,1,0,0
42,16,1,2,0
42,17,0,0,0
42,18,0,0,0
42,19,1,0,0
42,20,0,1,0
42,21,2,0,0
42,22,0,0,0
42,23,1,0,0
42,24,2,0,0
42,25,1,0,0
42,26,1,0,0
42,27,0,4,0
42,28,0,1,0
42,29,0,0,0
42,30,1,0,0
42,31,0,0,0
42,32,0,0,0
42,33,0,0,0
42,34,0,1,0
42,35,3,1,1
42,36,6,1,1
42,37,2,0,0
42,38,11,2,1
42,39,0,0,0
42,40,1,0,0
42,41,0,0,0
42,42,0,0,0
42,43,0,0,0
42,44,0,0,0
42,45,0,0,0
42,46,1,1,0
42,47,1,0,0
42,48,0,0,0
42,49,1,3,0
42,50,0,0,0
42,51,3,0,0
42,52,2,0,0
42,53,1,2,0
42,54,2,1,0
42,55,0,0,0
42,56,0,0,0
42,57,0,0,0
42,58,1,0,0
42,59,1,0,1
42,60,3,1,0
42,61,4,0,1
42,62,7,0,1
42,63,5,2,3
42,64,5,2,1
42,65,5,2,1
42,66,11,1,1
42,67,4,0,1
42,68,1,1,0
42,69,2,1,0
42,70,1,0,0
42,71,0,1,0
42,72,2,0,0
42,73,1,0,0
42,74,0,0,0
42,75,4,1,0
42,76,0,1,0
42,77,1,0,0
42,78,1,0,0
42,79,0,0,0
42,80,1,0,0
42,81,0,0,0
42,82,0,0,1
43,1,0,0,0
43,2,1,0,0
43,3,0,0,0
43,4,0,0,0
43,5,0,1,0
43,6,0,0,0
43,7,1,0,0
43,8,1,3,0
43,9,0,0,0
43,10,0,0,0
43,11,2,1,1
43,12,1,0,0
43,13,6,1,1
43,14,1,0,0
43,15,1,1,0
43,16,0,0,0
43,17,1,0,0
43,18,0,0,0
43,19,0,0,0
43,20,1,0,0
43,21,1,0,0
43,22,0,1,0
43,23,1,1,0
43,24,0,0,0
43,25,0,0,0
43,26,0,1,1
43,27,1,0,0
43,28,0,1,0
43,29,0,1,0
43,30,1,1,1
43,31,0,0,0
43,32,0,0,0
43,33,0,0,0
43,34,0,1,0
43,35,0,0,0
43,36,0,2,0
43,37,1,1,0
43,38,1,2,0
43,39,2,0,0
43,40,4,0,0
43,41,0,0,0
43,42,1,0,0
43,43,5,0,0
43,44,0,0,0
43,45,0,0,1
43,46,0,0,0
43,47,0,0,1
43,48,0,0,0
43,49,3,0,0
43,50,0,0,1
43,51,2,0,0
43,52,0,0,0
43,53,2,0,1
43,54,1,0,0
43,55,0,0,0
43,56,6,1,0
43,57,6,0,0
43,58,4,2,0
43,59,5,0,3
43,60,4,0,1
43,61,0,1,0
43,62,9,2,3
43,63,5,1,2
43,64,2,0,2
43,65,1,0,0
43,66,1,0,0
43,67,1,0,0
43,68,2,0,0
43,69,1,0,0
43,70,0,0,0
43,71,0,0,1
43,72,0,0,0
43,73,0,0,0
43,74,0,1,0
43,75,0,1,0
43,76,4,0,0
43,77,4,0,0
43,78,1,2,0
43,79,0,0,0
43,80,0,0,0
43,81,1,0,0
43,82,0,0,0
43,83,1,0,0
43,84,8,0,2
43,85,8,1,2
43,86,0,0,0
43,87,0,0,0
44,1,14,1,5
44,2,8,3,4
44,3,17,1,2
44,4,14,1,1
44,5,5,1,1
44,6,4,2,0
44,7,5,2,0
44,8,0,1,0
44,9,4,0,1
44,10,3,1,0
44,11,2,2,0
44,12,0,1,0
44,13,4,3,0
44,14,2,4,0
44,15,5,3,0
44,16,3,2,2
44,17,3,2,0
44,18,8,1,0
44,19,5,0,0
44,20,2,2,0
44,21,2,1,2
44,22,3,0,0
44,23,3,1,0
44,24,9,2,0
44,25,20,4,0
44,26,30,2,1
44,27,11,8,0
44,28,6,1,0
44,29,12,3,0
44,30,3,0,1
44,31,4,1,0
44,32,1,0,0
44,33,1,3,0
44,34,3,3,0
44,35,1,4,0
44,36,3,1,0
44,37,3,1,0
44,38,0,0,0
44,39,4,0,0
44,40,2,0,0
44,41,5,3,0
44,42,1,1,0
44,43,5,8,0
44,44,5,0,0
44,45,2,1,0
44,46,1,0,0
44,47,0,0,0
44,48,1,1,0
44,49,1,0,0
44,50,0,2,0
44,51,10,0,1
44,52,9,3,2
44,53,8,4,2
44,54,7,1,0
44,55,5,0,0
44,56,7,1,1
44,57,7,3,2
44,58,5,4,0
44,59,18,4,0
44,60,3,1,1
44,61,4,0,1
44,62,3,2,1
44,63,0,1,1
44,64,0,0,0
44,65,3,3,0
44,66,3,3,1
44,67,14,5,1
44,68,2,1,0
44,69,5,1,1
44,70,3,2,2
44,71,1,1,2
44,72,1,2,0
44,73,5,1,0
44,74,0,2,0
44,75,1,3,1
44,76,2,1,2
44,77,4,0,0
44,78,3,1,1
44,79,2,2,2
44,80,3,0,0
44,81,8,2,1
44,82,3,0,0
44,83,5,1,0
44,84,2,2,0
44,85,5,3,2
44,86,4,3,1
44,87,12,2,0
44,88,4,2,0
44,89,4,1,0
44,90,1,1,0
44,91,0,0,0
44,92,0,0,0
44,93,0,0,0
45,1,17,0,1
45,2,16,0,1
45,3,16,0,2
45,4,11,6,0
45,5,17,2,1
45,6,12,1,0
45,7,1,0,0
45,8,7,1,0
45,9,18,6,2
45,10,8,2,0
45,11,17,5,0
45,12,8,3,0
45,13,17,3,1
45,14,12,4,1
45,15,3,0,2
45,16,14,3,2
45,17,15,6,2
45,18,0,0,0
45,19,17,7,0
45,20,10,3,3
45,21,9,0,1
45,22,13,2,0
45,23,9,2,2
45,24,10,5,1
45,25,3,1,0
45,26,6,1,0
45,27,11,2,1
45,28,3,1,0
45,29,8,0,3
45,30,9,1,1
45,31,19,4,0
45,32,15,5,1
45,33,17,2,0
45,34,10,6,0
45,35,17,3,2
45,36,10,2,0
45,37,5,3,0
45,38,9,1,1
45,39,0,0,0
45,40,18,4,0
45,41,0,1,0
45,42,12,4,0
45,43,1,0,4
45,44,13,1,0
45,45,2,1,0
45,46,1,0,0
45,47,3,3,0
45,48,15,2,1
45,49,4,0,0
45,50,19,3,0
45,51,8,1,0
45,52,6,0,0
45,53,18,2,1
45,54,13,2,2
45,55,0,0,0
45,56,8,2,1
45,57,10,2,0
45,58,16,5,0
45,59,14,3,1
45,60,7,4,0
45,61,3,0,0
45,62,9,2,0
45,63,3,2,0
45,64,11,10,0
45,65,6,3,0
45,66,22,1,0
45,67,27,7,0
45,68,18,5,0
45,69,14,7,1
45,70,21,13,0
45,71,11,0,0
45,72,10,2,0
45,73,13,2,0
45,74,50,8,0
45,75,41,13,1
45,76,11,1,2
45,77,11,1,0
45,78,17,2,2
45,79,0,0,0
45,80,0,0,0
46,1,19,3,1
46,2,24,4,0
46,3,13,2,1
46,4,5,1,0
46,5,2,1,0
46,6,1,0,1
46,7,1,0,0
46,8,3,1,0
46,9,1,7,0
46,10,3,0,2
46,11,13,0,0
46,12,4,1,0
46,13,2,1,0
46,14,4,1,0
46,15,5,0,0
46,16,2,1,0
46,17,37,4,0
46,18,24,3,0
46,19,45,2,0
46,20,9,4,0
46,21,67,9,0
46,22,34,7,1
46,23,43,6,1
46,24,45,12,1
46,25,49,3,2
46,26,28,4,2
46,27,40,4,0
46,28,30,4,1
46,29,47,7,0
46,30,61,8,0
46,31,18,10,2
46,32,8,2,0
46,33,5,1,0
46,34,8,3,3
46,35,10,2,1
46,36,35,7,0
46,37,0,0,0
46,38,0,0,0
46,39,0,0,0
46,40,7,4,1
46,41,34,11,2
46,42,29,10,5
46,43,7,3,1
46,44,19,4,0
46,45,20,3,0
46,46,27,1,0
46,47,44,8,1
46,48,6,1,0
46,49,23,7,1
46,50,33,6,0
46,51,64,19,0
46,52,36,4,0
46,53,15,7,1
46,54,30,2,3
46,55,13,2,2
46,56,16,4,1
46,57,9,4,0
46,58,27,12,0
46,59,16,3,0
46,60,38,9,1
46,61,17,3,0
46,62,19,12,1
46,63,17,8,1
46,64,39,4,1
46,65,23,6,1
46,66,31,9,0
46,67,33,10,0
46,68,3,2,0
46,69,33,9,2
46,70,28,19,1
46,71,28,5,0
46,72,24,8,1
46,73,11,0,0
46,74,3,0,1
46,75,32,2,4
46,76,26,5,1
46,77,12,3,1
46,78,36,5,0
46,79,57,16,3
46,80,4,2,0
46,81,25,1,0
46,82,0,0,0
46,83,0,0,0
46,84,0,0,0
47,1,16,4,3
47,2,10,3,1
47,3,6,0,1
47,4,0,0,0
47,5,26,11,1
47,6,17,6,1
47,7,12,6,0
47,8,23,6,2
47,9,19,8,0
47,10,3,1,0
47,11,6,1,0
47,12,8,0,0
47,13,9,7,0
47,14,29,2,1
47,15,4,1,0
47,16,9,4,1
47,17,9,3,0
47,18,12,3,1
47,19,3,0,1
47,20,7,3,0
47,21,10,4,2
47,22,5,1,0
47,23,14,3,0
47,24,7,0,0
47,25,8,0,0
47,26,13,3,2
47,27,7,4,0
47,28,5,0,0
47,29,9,3,0
47,30,5,3,1
47,31,8,4,2
47,32,4,1,1
47,33,0,0,0
47,34,0,2,0
47,35,0,0,0
47,36,5,4,0
47,37,7,1,1
47,38,4,1,0
47,39,6,0,0
47,40,8,4,0
47,41,12,0,1
47,42,4,4,0
47,43,13,6,2
47,44,8,4,0
47,45,5,1,1
47,46,8,3,1
47,47,10,2,2
47,48,25,4,1
47,49,23,5,3
47,50,3,3,1
47,51,13,0,0
47,52,6,2,1
47,53,0,0,1
47,54,1,0,0
47,55,13,3,3
47,56,19,1,2
47,57,44,2,0
47,58,25,5,0
47,59,27,4,0
47,60,3,1,0
47,61,9,5,0
47,62,5,2,1
47,63,8,4,0
47,64,8,6,1
47,65,12,1,1
47,66,5,1,0
47,67,7,7,0
47,68,9,0,0
47,69,10,2,0
47,70,4,3,0
47,71,18,4,1
47,72,8,3,1
47,73,0,0,0
47,74,0,0,0
48,1,2,0,0
48,2,4,2,1
48,3,16,3,0
48,4,21,8,3
48,5,12,2,4
48,6,15,4,0
48,7,13,2,1
48,8,7,2,0
48,9,26,8,6
48,10,17,6,9
48,11,7,2,0
48,12,19,3,3
48,13,16,4,4
48,14,14,1,2
48,15,17,6,1
48,16,18,6,3
48,17,7,2,1
48,18,22,10,6
48,19,13,3,5
48,20,3,2,0
48,21,17,6,8
48,22,24,5,2
48,23,10,9,1
48,24,14,2,4
48,25,20,4,1
48,26,25,7,2
48,27,9,6,2
48,28,20,3,3
48,29,15,4,0
48,30,7,2,2
48,31,5,1,0
48,32,19,7,4
48,33,13,1,1
48,34,9,3,1
48,35,0,1,0
48,36,5,2,0
48,37,12,3,0
48,38,9,4,2
48,39,8,2,0
48,40,13,6,1
48,41,5,0,1
48,42,9,3,1
48,43,7,2,0
48,44,2,1,0
48,45,11,3,0
48,46,1,4,0
48,47,22,3,1
48,48,12,0,1
48,49,2,2,0
48,50,8,6,0
48,51,5,3,0
48,52,8,3,0
48,53,0,0,0
48,54,9,4,1
48,55,11,5,2
48,56,13,3,1
48,57,5,2,0
48,58,5,1,1
48,59,15,2,1
48,60,12,1,2
48,61,1,2,1
48,62,9,0,0
48,63,11,1,0
48,64,4,2,0
48,65,1,0,1
48,66,2,4,0
48,67,7,0,2
48,68,0,0,0
48,69,0,0,0
48,70,14,4,3
48,71,11,3,1
48,72,7,10,7
49,1,7,0,1
49,2,0,0,0
49,3,2,1,0
49,4,6,1,0
49,5,4,0,1
49,6,14,3,0
49,7,1,1,0
49,8,10,2,2
49,9,5,5,0
49,10,1,0,0
49,11,0,0,0
49,12,1,1,0
49,13,4,1,0
49,14,0,0,0
49,15,0,0,0
49,16,10,3,0
49,17,6,3,1
49,18,4,0,1
49,19,7,1,2
49,20,2,0,2
49,21,12,4,3
49,22,22,4,0
49,23,4,1,0
49,24,7,3,0
49,25,13,2,0
49,26,4,3,2
49,27,6,2,0
49,28,8,2,0
49,29,2,0,0
49,30,8,1,1
49,31,7,0,1
49,32,3,0,0
49,33,4,0,0
49,34,1,0,1
49,35,14,1,0
49,36,8,0,0
49,37,8,3,1
49,38,9,1,0
49,39,10,2,0
49,40,4,7,0
49,41,13,2,0
49,42,7,2,0
49,43,6,1,1
49,44,8,2,0
49,45,9,0,0
49,46,7,1,0
49,47,13,6,2
49,48,17,7,1
49,49,22,5,2
49,50,9,6,0
49,51,22,10,0
49,52,12,7,4
49,53,26,9,1
49,54,21,5,1
49,55,6,2,0
49,56,0,0,0
49,57,6,0,0
49,58,14,8,1
49,59,15,1,0
49,60,0,0,0
49,61,7,3,0
49,62,2,0,0
49,63,22,12,2
49,64,5,0,1
49,65,10,7,2
49,66,8,2,0
49,67,0,0,0
49,68,4,0,0
49,69,8,1,0
49,70,11,5,0
49,71,0,0,0
50,1,2,3,4
50,2,5,1,1
50,3,7,3,0
50,4,3,1,0
50,5,6,2,0
50,6,2,2,2
50,7,1,0,0
50,8,6,2,0
50,9,6,1,0
50,10,8,1,0
50,11,1,1,0
50,12,2,1,0
50,13,0,0,0
50,14,1,2,1
50,15,1,4,0
50,16,2,2,0
50,17,0,0,0
50,18,6,4,0
50,19,1,2,0
50,20,3,1,0
50,21,3,1,2
50,22,4,2,1
50,23,0,0,0
50,24,0,0,0
50,25,0,0,0
50,26,4,2,2
50,27,8,2,0
50,28,11,0,1
50,29,1,0,0
50,30,14,3,0
50,31,4,0,0
50,32,7,0,0
50,33,6,1,0
50,34,6,0,1
50,35,9,3,1
50,36,0,4,1
50,37,6,1,0
50,38,0,3,1
50,39,3,1,0
50,40,5,0,1
50,41,6,0,1
50,42,7,0,1
50,43,3,0,0
50,44,4,0,0
50,45,1,0,0
50,46,1,2,0
50,47,0,0,0
50,48,6,3,1
50,49,0,0,0
50,50,0,0,1
50,51,1,2,0
50,52,0,1,0
50,53,0,0,0
50,54,1,1,0
50,55,1,1,0
50,56,0,0,0
50,57,1,1,0
50,58,0,1,0
50,59,3,0,3
50,60,1,0,1
50,61,1,3,0
50,62,0,0,0
50,63,5,0,0
50,64,2,1,0
50,65,3,0,0
50,66,2,0,1
50,67,3,2,0
50,68,1,0,0
50,69,2,1,0
50,70,1,0,2
50,71,1,0,0
50,72,2,1,0
50,73,5,1,3
50,74,4,0,0
50,75,5,0,0
50,76,0,0,1
50,77,7,0,0
50,78,0,0,0
50,79,2,0,0
50,80,4,0,2
50,81,0,1,0
50,82,2,2,2
50,83,2,0,0
50,84,0,0,0
50,85,0,0,0
50,86,0,0,0
50,87,1,1,0
50,88,0,0,0
50,89,0,0,0
50,90,0,0,0
50,91,0,1,0
50,92,0,2,0
50,93,0,0,0
50,94,0,0,0
50,95,4,1,0
50,96,1,0,0
50,97,4,3,0
50,98,2,0,0
50,99,3,0,0
50,100,4,2,0
50,101,1,1,0
50,102,5,0,1
50,103,0,0,0
50,104,0,0,0
50,105,0,0,0
50,106,0,0,0
50,107,0,0,0
51,1,1,6,0
51,2,3,3,0
51,3,6,3,0
51,4,1,2,0
51,5,1,2,0
51,6,6,1,0
51,7,4,1,1
51,8,1,0,0
51,9,2,0,0
51,10,0,0,1
51,11,8,3,0
51,12,2,2,0
51,13,0,1,0
51,14,7,5,1
51,15,9,3,1
51,16,8,2,0
51,17,3,1,0
51,18,0,0,0
51,19,1,0,1
51,20,3,3,0
51,21,0,0,0
51,22,0,2,0
51,23,2,2,0
51,24,43,2,0
51,25,0,0,0
51,26,31,4,0
51,27,0,0,0
51,28,3,1,0
51,29,4,4,0
51,30,5,0,1
51,31,4,0,1
51,32,1,2,0
51,33,4,0,0
51,34,2,1,0
51,35,4,0,0
51,36,0,0,0
51,37,1,0,0
51,38,1,2,0
51,39,2,1,0
51,40,4,3,0
51,41,3,2,0
51,42,3,1,0
51,43,0,1,0
51,44,0,0,0
51,45,0,0,0
51,46,0,0,0
51,47,8,1,1
51,48,0,0,0
51,49,0,0,0
51,50,3,0,0
51,51,3,0,0
51,52,3,0,0
51,53,5,1,0
51,54,0,0,0
51,55,0,0,0
51,56,0,0,0
51,57,0,0,0
51,58,0,3,0
51,59,0,0,0
51,60,6,4,0
51,61,4,1,0
51,62,6,0,1
51,63,9,4,0
51,64,4,0,0
51,65,4,1,0
51,66,3,3,0
51,67,0,3,0
51,68,0,0,0
51,69,4,0,0
51,70,1,0,0
51,71,0,0,0
51,72,1,1,0
51,73,1,1,0
51,74,1,1,0
51,75,1,2,1
51,76,1,0,0
51,77,0,1,1
51,78,2,2,0
51,79,2,0,0
51,80,6,0,0
51,81,2,0,0
51,82,9,2,1
51,83,2,2,0
51,84,0,0,0
51,85,0,0,0
51,86,0,0,0
51,87,0,0,0
52,1,0,0,0
52,2,1,0,0
52,3,1,0,1
52,4,1,1,0
52,5,1,1,1
52,6,4,1,0
52,7,1,0,2
52,8,3,2,0
52,9,5,0,0
52,10,3,2,1
52,11,4,0,1
52,12,6,4,1
52,13,2,0,0
52,14,2,2,0
52,15,2,0,0
52,16,6,0,1
52,17,3,0,0
52,18,0,2,0
52,19,5,0,0
52,20,4,0,1
52,21,0,0,0
52,22,1,0,0
52,23,2,1,0
52,24,1,0,0
52,25,2,0,0
52,26,2,1,0
52,27,4,3,2
52,28,1,2,0
52,29,2,1,1
52,30,3,0,0
52,31,1,0,0
52,32,0,0,1
52,33,0,0,0
52,34,4,0,0
52,35,1,0,0
52,36,0,0,0
52,37,2,4,1
52,38,2,1,1
52,39,4,0,0
52,40,1,1,1
52,41,0,1,0
52,42,2,1,0
52,43,7,1,0
52,44,4,0,1
52,45,6,0,0
52,46,1,0,0
52,47,1,1,0
52,48,0,0,1
52,49,1,1,0
52,50,1,0,0
52,51,0,0,0
52,52,0,0,0
52,53,1,0,0
52,54,1,0,0
52,55,1,0,0
52,56,0,0,0
52,57,1,2,0
52,58,1,1,0
52,59,0,0,2
52,60,0,0,0
52,61,0,1,0
52,62,0,0,2
52,63,0,0,0
52,64,3,1,0
52,65,2,0,0
52,66,0,2,0
52,67,0,0,0
52,68,0,0,0
52,69,6,2,0
52,70,3,1,0
52,71,1,0,0
52,72,1,0,0
52,73,0,0,0
52,74,0,0,0
52,75,1,1,0
52,76,0,0,0
52,77,0,0,0
52,78,1,0,0
52,79,0,0,0
52,80,0,0,0
52,81,0,0,0
52,82,0,1,1
52,83,1,1,0
52,84,1,0,1
52,85,1,0,0
52,86,1,0,0
52,87,0,0,0
52,88,1,1,0
52,89,2,0,0
52,90,3,0,0
52,91,0,0,0
52,92,0,0,0
52,93,1,0,0
52,94,1,1,0
52,95,0,0,0
52,96,4,1,0
52,97,2,2,0
52,98,2,2,1
52,99,1,0,0
52,100,2,0,0
52,101,0,1,0
52,102,4,1,1
52,103,6,3,0
52,104,2,1,0
52,105,4,0,0
52,106,0,0,0
52,107,0,0,0
52,108,1,0,0
52,109,1,1,0
52,110,3,0,0
52,111,4,0,0
52,112,0,1,0
52,113,1,0,1
52,114,0,0,0
52,115,4,1,0
52,116,3,3,0
52,117,2,2,0
52,118,0,0,0
52,119,0,0,0
52,120,0,0,0
52,121,0,0,0
52,122,0,0,0
52,123,0,0,0
52,124,0,0,0
52,125,0,0,0
52,126,0,0,0
53,1,0,0,0
53,2,0,3,0
53,3,0,2,0
53,4,0,0,0
53,5,0,0,0
53,6,0,0,1
53,7,0,0,0
53,8,1,1,0
53,9,1,0,0
53,10,0,3,1
53,11,0,0,0
53,12,1,0,0
53,13,0,0,0
53,14,0,0,0
53,15,0,1,1
53,16,0,0,0
53,17,0,1,0
53,18,3,1,0
53,19,1,0,0
53,20,7,0,1
53,21,2,1,0
53,22,1,0,0
53,23,0,3,0
53,24,3,1,0
53,25,1,3,1
53,26,0,0,0
53,27,0,1,2
53,28,1,1,0
53,29,0,0,0
53,30,0,0,0
53,31,1,0,0
53,32,1,2,0
53,33,2,0,0
53,34,1,0,0
53,35,0,1,1
53,36,5,0,0
53,37,0,1,0
53,38,0,0,0
53,39,2,1,0
53,40,0,0,0
53,41,1,0,1
53,42,0,0,0
53,43,0,0,0
53,44,1,0,0
53,45,3,2,1
53,46,1,0,0
53,47,0,0,0
53,48,0,0,0
53,49,0,0,0
53,50,1,0,0
53,51,0,0,0
53,52,0,0,0
53,53,1,0,0
53,54,2,0,0
53,55,1,0,0
53,56,0,1,0
53,57,1,1,0
53,58,0,0,0
53,59,0,0,0
53,60,0,0,0
53,61,0,2,0
53,62,0,0,0
53,63,0,0,1
53,64,0,0,0
53,65,0,3,0
53,66,4,2,0
53,67,0,0,0
53,68,1,3,1
53,69,2,1,0
53,70,0,1,1
53,71,1,0,0
53,72,0,3,1
53,73,0,1,0
53,74,0,0,0
53,75,1,1,1
53,76,0,1,0
53,77,0,1,0
53,78,5,1,3
53,79,4,2,2
53,80,2,0,0
53,81,1,1,0
53,82,1,0,1
53,83,0,1,0
53,84,1,1,0
53,85,4,0,0
53,86,2,0,2
53,87,4,0,0
53,88,0,0,1
53,89,0,0,0
54,1,0,0,0
54,2,0,1,0
54,3,3,0,0
54,4,0,1,0
54,5,0,0,0
54,6,1,0,0
54,7,1,0,0
54,8,0,0,0
54,9,0,0,0
54,10,0,0,0
54,11,0,0,0
54,12,1,0,0
54,13,0,0,0
54,14,0,0,0
54,15,0,1,0
54,16,0,0,0
54,17,0,0,0
54,18,0,0,0
54,19,0,0,0
54,20,0,1,0
54,21,1,0,0
54,22,1,2,0
54,23,1,0,0
54,24,2,0,0
54,25,1,0,0
54,26,0,0,0
54,27,0,2,0
54,28,3,0,0
54,29,0,0,0
54,30,0,0,0
54,31,1,0,0
54,32,0,0,0
54,33,0,0,0
54,34,0,1,0
54,35,0,0,0
54,36,0,0,0
54,37,0,0,1
54,38,1,2,0
54,39,0,1,0
54,40,1,0,0
54,41,1,0,1
54,42,0,1,0
54,43,1,0,0
54,44,0,0,0
54,45,0,1,0
54,46,2,2,0
54,47,2,0,1
54,48,1,2,0
54,49,1,0,0
54,50,9,0,0
54,51,6,3,0
54,52,1,1,0
54,53,2,1,0
54,54,1,0,0
54,55,1,1,1
54,56,1,0,0
54,57,2,1,0
54,58,0,2,0
54,59,1,0,0
54,60,0,1,0
54,61,0,0,0
54,62,0,1,0
54,63,0,0,0
54,64,1,0,0
54,65,2,1,1
54,66,1,2,0
54,67,2,1,0
54,68,0,0,0
54,69,0,0,0
54,70,1,0,0
54,71,0,0,0
54,72,0,0,0
54,73,1,0,0
54,74,0,0,0
54,75,0,0,0
54,76,1,1,1
54,77,0,0,0
54,78,0,0,0
54,79,0,0,0
54,80,4,2,0
54,81,1,2,0
54,82,4,0,0
54,83,1,0,0
54,84,1,0,1
54,85,3,0,0
54,86,1,0,0
54,87,0,0,0
54,88,1,1,0
54,89,0,0,0
55,1,0,0,0
55,2,0,0,0
55,3,0,0,0
55,4,1,0,0
55,5,0,0,0
55,6,0,0,0
55,7,0,1,0
55,8,0,0,0
55,9,0,0,0
55,10,0,1,0
55,11,0,0,0
55,12,0,0,0
55,13,0,0,0
55,14,1,1,0
55,15,1,0,0
55,16,2,1,0
55,17,0,0,0
55,18,1,0,0
55,19,3,1,2
55,20,0,0,0
55,21,2,0,1
55,22,0,0,0
55,23,1,1,0
55,24,0,1,0
55,25,1,0,0
55,26,0,0,0
55,27,0,0,0
55,28,0,0,0
55,29,1,0,0
55,30,0,0,0
55,31,0,1,0
55,32,1,0,0
55,33,0,1,0
55,34,2,0,0
55,35,0,0,0
55,36,0,0,0
55,37,0,1,0
55,38,0,0,1
55,39,0,0,0
55,40,0,0,0
55,41,0,0,0
55,42,0,0,0
55,43,0,0,0
55,44,0,0,0
55,45,1,0,0
55,46,0,0,0
55,47,0,0,0
55,48,1,0,0
55,49,0,0,0
55,50,1,0,0
55,51,0,0,0
55,52,0,0,0
55,53,0,0,0
55,54,0,0,0
55,55,1,0,0
55,56,0,0,0
55,57,0,0,0
55,58,1,0,0
55,59,0,0,1
55,60,0,0,0
55,61,0,0,0
55,62,0,0,0
55,63,0,0,0
55,64,0,0,0
55,65,1,1,0
55,66,0,0,1
55,67,1,1,0
55,68,0,0,0
55,69,0,0,0
55,70,0,0,0
55,71,1,0,0
55,72,1,1,0
55,73,0,0,0
55,74,0,0,0
55,75,0,0,0
55,76,0,0,0
55,77,0,0,0
55,78,0,1,0
55,79,0,0,0
55,80,0,0,0
55,81,0,0,0
55,82,0,1,0
55,83,0,0,1
55,84,1,0,0
55,85,2,0,0
55,86,0,0,0
55,87,0,0,0
55,88,1,0,0
55,89,0,0,0
55,90,0,0,0
55,91,1,0,0
55,92,0,0,0
55,93,0,1,0
55,94,0,0,0
55,95,0,0,0
55,96,1,0,0
55,97,0,0,0
55,98,0,0,0
55,99,0,0,0
55,100,0,0,0
55,101,0,0,0
55,102,0,1,0
55,103,0,0,0
55,104,0,1,0
55,105,0,1,0
55,106,1,0,0
55,107,0,1,0
55,108,0,2,0
55,109,0,1,0
55,110,0,1,0
55,111,0,0,0
55,112,0,0,0
55,113,0,0,0
56,1,0,0,0
56,2,3,1,0
56,3,0,0,0
56,4,0,0,0
56,5,0,0,0
56,6,1,0,1
56,7,2,1,0
56,8,1,0,0
56,9,1,0,0
56,10,1,0,0
56,11,0,0,0
56,12,1,0,1
56,13,0,2,0
56,14,0,0,2
56,15,0,0,0
56,16,0,0,0
56,17,0,0,0
56,18,0,0,0
56,19,0,0,0
56,20,0,0,0
56,21,0,0,0
56,22,1,0,0
56,23,0,0,1
56,24,0,1,0
56,25,0,1,0
56,26,0,0,0
56,27,0,0,0
56,28,2,1,0
56,29,0,0,0
56,30,0,0,0
56,31,0,0,0
56,32,0,0,0
56,33,0,0,0
56,34,0,0,0
56,35,1,0,0
56,36,3,0,0
56,37,1,0,0
56,38,1,0,0
56,39,0,0,0
56,40,0,0,0
56,41,1,0,0
56,42,0,0,0
56,43,0,0,0
56,44,0,0,0
56,45,0,0,0
56,46,0,0,0
56,47,0,1,0
56,48,0,0,0
56,49,0,0,0
56,50,0,0,0
56,51,0,0,0
56,52,0,0,0
56,53,0,0,0
56,54,0,1,2
56,55,0,0,0
56,56,0,0,0
56,57,0,1,0
56,58,1,0,0
56,59,0,0,0
56,60,0,0,0
56,61,0,0,0
56,62,0,1,0
56,63,0,0,0
56,64,0,0,0
56,65,0,0,0
56,66,0,1,0
56,67,1,2,0
56,68,0,0,0
56,69,1,1,0
56,70,0,2,0
56,71,0,0,2
56,72,0,0,0
56,73,0,0,1
56,74,0,0,0
56,75,0,0,0
56,76,3,1,0
56,77,1,1,0
56,78,2,1,1
56,79,2,0,0
56,80,3,0,0
56,81,0,0,0
56,82,1,1,0
56,83,0,0,0
56,84,0,1,0
56,85,0,0,0
56,86,0,1,1
56,87,3,1,1
56,88,0,0,0
56,89,0,1,0
56,90,1,0,0
56,91,1,0,0
56,92,0,1,0
57,1,0,0,0
57,2,0,0,0
57,3,1,1,0
57,4,0,0,0
57,5,0,0,0
57,6,1,0,0
57,7,2,0,0
57,8,1,1,1
57,9,1,0,1
57,10,2,1,0
57,11,1,0,0
57,12,2,0,0
57,13,0,0,1
57,14,0,0,0
57,15,0,0,0
57,16,2,0,0
57,17,1,1,0
57,18,0,0,0
57,19,1,0,0
57,20,1,0,0
57,21,2,0,0
57,22,4,2,0
57,23,0,0,0
57,24,0,0,0
57,25,0,1,0
57,26,1,0,0
57,27,0,1,0
57,28,1,0,0
57,29,0,0,0
57,30,1,0,1
57,31,0,0,0
57,32,0,0,1
57,33,0,0,0
57,34,0,0,0
57,35,0,0,0
57,36,0,0,0
57,37,0,0,0
57,38,0,0,0
57,39,0,1,1
57,40,1,1,0
57,41,0,0,0
57,42,0,1,0
57,43,2,1,1
57,44,0,1,0
57,45,0,1,0
57,46,1,1,3
57,47,0,0,0
57,48,2,0,0
57,49,0,1,1
57,50,0,0,0
57,51,0,0,0
57,52,1,0,0
57,53,0,1,1
57,54,0,0,0
57,55,0,0,0
57,56,0,0,1
57,57,0,1,0
57,58,0,0,0
57,59,0,0,0
57,60,1,0,0
57,61,1,0,0
57,62,1,0,0
57,63,2,0,0
57,64,0,0,0
57,65,0,1,0
57,66,0,0,0
57,67,0,0,0
57,68,0,0,0
57,69,0,0,0
57,70,0,0,0
57,71,0,4,1
57,72,0,0,0
57,73,0,0,0
57,74,0,0,0
57,75,1,1,0
57,76,0,2,0
57,77,0,0,0
57,78,1,0,0
57,79,0,0,0
57,80,0,0,1
57,81,0,0,0
57,82,0,0,1
57,83,0,0,0
57,84,0,1,0
57,85,0,0,0
57,86,1,0,0
57,87,0,0,0
57,88,0,0,0
57,89,0,0,0
57,90,2,1,0
57,91,0,1,1
57,92,1,0,0
57,93,0,0,0
57,94,0,0,0
57,95,0,0,1
57,96,0,0,0
57,97,1,0,1
57,98,0,1,0
57,99,2,0,0
57,100,1,0,0
57,101,1,0,1
57,102,1,0,0
57,103,0,0,0
57,104,0,1,1
57,105,0,0,0
57,106,0,0,0
58,1,0,1,0
58,2,2,0,0
58,3,0,1,0
58,4,0,0,0
58,5,0,0,0
58,6,0,0,0
58,7,0,0,0
58,8,0,1,0
58,9,0,0,0
58,10,0,0,0
58,11,0,0,1
58,12,0,0,0
58,13,0,0,0
58,14,1,0,0
58,15,0,1,0
58,16,2,0,0
58,17,0,0,0
58,18,0,0,0
58,19,2,0,0
58,20,0,0,0
58,21,1,0,0
58,22,0,0,0
58,23,0,0,0
58,24,1,3,0
58,25,0,0,0
58,26,0,0,0
58,27,1,0,0
58,28,0,0,0
58,29,0,2,0
58,30,0,0,0
58,31,0,0,0
58,32,0,0,0
58,33,0,0,0
58,34,0,0,0
58,35,0,0,0
58,36,0,0,0
58,37,0,1,0
58,38,1,0,0
58,39,0,0,0
58,40,0,0,0
58,41,4,0,2
58,42,0,0,1
58,43,0,0,0
58,44,0,0,0
58,45,1,0,0
58,46,1,1,0
58,47,0,0,0
58,48,0,0,0
58,49,0,0,0
58,50,0,1,0
58,51,0,0,0
58,52,0,0,0
58,53,0,0,0
58,54,0,1,0
58,55,0,0,0
58,56,0,0,0
58,57,0,1,0
58,58,2,0,0
58,59,1,0,0
58,60,1,2,0
58,61,0,1,0
58,62,0,0,0
58,63,2,0,0
58,64,2,1,0
58,65,0,0,0
58,66,1,0,0
58,67,1,1,0
58,68,1,0,0
58,69,2,0,0
58,70,1,0,0
58,71,0,1,0
58,72,0,0,0
58,73,0,0,0
58,74,2,1,0
58,75,0,1,0
58,76,1,0,0
58,77,0,0,0
58,78,3,0,0
58,79,1,0,0
58,80,1,0,0
58,81,0,1,0
58,82,1,0,0
58,83,0,0,0
58,84,0,0,0
58,85,0,0,0
58,86,0,0,0
59,1,0,0,0
59,2,0,0,0
59,3,1,0,0
59,4,2,0,0
59,5,2,0,0
59,6,1,0,0
59,7,0,1,0
59,8,1,0,0
59,9,0,0,0
59,10,0,1,0
59,11,3,0,0
59,12,0,0,0
59,13,2,3,0
59,14,1,1,0
59,15,1,0,0
59,16,0,2,0
59,17,1,1,0
59,18,0,1,0
59,19,0,0,0
59,20,1,0,0
59,21,0,0,0
59,22,4,0,0
59,23,0,1,0
59,24,6,0,0
59,25,0,1,0
59,26,7,4,0
59,27,5,1,0
59,28,6,4,1
59,29,9,4,0
59,30,3,2,0
59,31,3,5,0
59,32,0,1,0
59,33,29,5,0
59,34,19,8,1
59,35,35,8,1
59,36,42,7,2
59,37,33,6,2
59,38,41,8,1
59,39,38,5,2
59,40,31,10,3
59,41,0,1,0
59,42,21,10,0
59,43,5,2,0
59,44,19,9,2
59,45,23,17,2
59,46,0,1,0
59,47,0,0,0
59,48,0,0,0
59,49,1,0,0
59,50,6,2,0
59,51,20,11,0
59,52,25,5,1
59,53,36,11,1
59,54,23,6,0
59,55,18,8,0
59,56,4,1,0
59,57,3,0,0
59,58,15,2,1
59,59,15,3,1
59,60,18,9,0
59,61,21,12,2
59,62,33,10,2
59,63,0,0,0
59,64,0,0,0
59,65,0,0,0
59,66,0,0,0
59,67,4,0,0
59,68,2,0,0
59,69,1,4,0
59,70,1,0,0
59,71,1,0,0
59,72,0,1,0
59,73,2,1,0
59,74,2,0,0
59,75,1,0,0
59,76,1,0,0
59,77,0,0,0
59,78,1,0,0
59,79,0,0,0
59,80,2,2,0
59,81,0,0,0
59,82,0,1,0
59,83,14,4,0
59,84,0,1,0
59,85,0,0,0
59,86,0,0,0
59,87,0,0,0
59,88,0,0,0
59,89,0,0,0
59,90,0,0,0
60,1,0,0,0
60,2,0,1,0
60,3,0,0,0
60,4,6,0,0
60,5,11,0,0
60,6,0,0,0
60,7,2,0,0
60,8,1,0,1
60,9,2,1,0
60,10,1,0,0
60,11,0,0,0
60,12,0,0,0
60,13,3,0,0
60,14,3,0,0
60,15,0,2,0
60,16,0,0,0
60,17,1,0,0
60,18,0,0,1
60,19,0,0,0
60,20,0,0,0
60,21,2,0,0
60,22,3,1,0
60,23,0,0,0
60,24,0,0,1
60,25,0,0,0
60,26,2,2,1
60,27,0,0,0
60,28,1,1,0
60,29,1,0,0
60,30,0,1,0
60,31,0,0,0
60,32,1,1,0
60,33,2,2,0
60,34,0,1,0
60,35,0,0,0
60,36,0,2,1
60,37,0,0,0
60,38,0,1,0
60,39,0,0,0
60,40,0,0,1
60,41,1,0,0
60,42,0,1,0
60,43,0,0,0
60,44,0,0,0
60,45,2,2,0
60,46,2,0,0
60,47,1,2,1
60,48,1,0,0
60,49,0,1,0
60,50,0,0,0
60,51,1,1,1
60,52,0,0,0
60,53,0,2,0
60,54,0,1,0
60,55,1,0,0
60,56,0,0,0
60,57,0,0,0
60,58,0,0,0
60,59,2,0,0
60,60,0,1,0
60,61,1,2,0
60,62,6,2,0
60,63,0,0,0
60,64,0,1,0
60,65,0,0,0
60,66,1,0,0
60,67,0,0,0
60,68,1,1,0
60,69,1,0,0
60,70,0,0,0
60,71,0,0,0
60,72,1,1,0
60,73,0,0,0
60,74,7,2,1
60,75,1,1,0
60,76,1,2,0
60,77,0,0,0
60,78,6,1,0
60,79,0,0,0
60,80,3,0,0
60,81,0,0,0
60,82,1,0,0
60,83,0,0,0
60,84,2,0,0
60,85,0,0,0
60,86,1,0,0
60,87,0,2,0
60,88,1,0,0
60,89,0,0,0
60,90,0,0,0
60,91,1,0,0
61,1,4,3,0
61,2,10,3,1
61,3,12,7,0
61,4,11,5,1
61,5,8,2,0
61,6,8,4,0
61,7,3,2,0
61,8,0,0,0
61,9,21,12,1
61,10,18,13,0
61,11,8,11,2
61,12,44,18,4
61,13,12,8,2
61,14,30,10,0
61,15,19,7,0
61,16,6,1,1
61,17,5,7,1
61,18,17,11,0
61,19,21,8,1
61,20,19,6,1
61,21,9,4,0
61,22,15,4,4
61,23,13,7,0
61,24,23,7,2
61,25,25,3,0
61,26,9,1,0
61,27,8,4,0
61,28,4,3,1
61,29,19,9,1
61,30,19,17,1
61,31,5,8,1
61,32,4,3,0
61,33,5,6,1
61,34,62,22,4
61,35,69,20,2
61,36,29,7,0
61,37,28,14,1
61,38,54,16,0
61,39,48,9,0
61,40,45,14,2
61,41,48,19,2
61,42,38,14,3
61,43,46,25,0
61,44,42,11,1
61,45,54,27,3
61,46,46,28,3
61,47,71,21,2
61,48,90,38,3
61,49,8,1,0
61,50,9,5,1
61,51,13,10,2
61,52,36,9,3
61,53,2,2,3
61,54,5,1,0
61,55,4,5,0
61,56,8,1,1
61,57,23,10,1
61,58,1,0,1
61,59,2,3,1
61,60,10,5,1
61,61,5,3,0
61,62,20,11,0
61,63,4,5,3
61,64,6,2,1
61,65,13,4,1
61,66,9,6,1
61,67,3,8,0
61,68,3,10,0
61,69,2,4,0
61,70,1,1,0
61,71,24,14,1
61,72,23,11,1
61,73,5,3,0
61,74,3,0,0
61,75,14,5,0
61,76,10,16,1
61,77,4,1,0
61,78,2,1,0
61,79,0,0,0
62,1,73,28,3
62,2,74,41,3
62,3,50,25,5
62,4,57,23,0
62,5,54,45,1
62,6,61,21,0
62,7,61,30,5
62,8,49,9,1
62,9,32,19,1
62,10,35,12,2
62,11,63,20,5
62,12,29,22,1
62,13,40,25,3
62,14,22,11,0
62,15,45,27,1
62,16,38,16,1
62,17,24,23,0
62,18,48,16,0
62,19,45,12,0
62,20,59,21,2
62,21,64,19,0
62,22,54,19,2
62,23,52,14,0
62,24,15,13,0
62,25,48,36,1
62,26,21,12,2
62,27,65,27,9
62,28,73,21,0
62,29,37,14,4
62,30,68,33,4
62,31,51,31,2
62,32,52,12,0
62,33,68,28,0
62,34,81,23,2
62,35,63,36,0
62,36,76,21,2
62,37,82,28,3
62,38,82,30,5
62,39,65,36,0
62,40,61,25,3
62,41,60,28,1
62,42,59,18,1
62,43,55,26,3
62,44,63,22,1
62,45,39,23,3
62,46,58,16,1
62,47,51,24,1
62,48,41,18,2
62,49,41,22,2
62,50,64,27,3
62,51,43,16,2
62,52,54,22,4
62,53,66,27,5
62,54,58,23,0
62,55,73,21,2
62,56,61,19,0
62,57,50,14,4
62,58,62,24,1
62,59,63,17,1
62,60,79,23,5
62,61,61,29,1
62,62,46,13,1
62,63,46,18,2
62,64,40,15,0
62,65,106,41,3
62,66,107,36,1
62,67,62,22,2
62,68,65,25,1
62,69,57,18,2
62,70,29,17,0
62,71,80,34,3
62,72,74,40,0
62,73,67,32,0
62,74,102,27,3
62,75,58,21,0
62,76,63,26,4
62,77,68,43,2
62,78,79,32,2
62,79,25,13,2
62,80,33,18,5
62,81,45,11,2
62,82,46,27,6
62,83,60,19,1
62,84,78,25,0
62,85,55,19,3
62,86,42,23,5
62,87,0,0,0
62,88,0,0,0
63,1,32,17,2
63,2,23,4,1
63,3,19,4,0
63,4,28,11,2
63,5,28,22,0
63,6,31,11,2
63,7,26,12,1
63,8,28,15,3
63,9,4,2,0
63,10,8,5,0
63,11,33,6,1
63,12,22,6,1
63,13,21,14,0
63,14,29,9,0
63,15,25,9,0
63,16,21,8,0
63,17,13,6,0
63,18,68,24,4
63,19,25,20,0
63,20,44,11,0
63,21,32,15,1
63,22,46,12,2
63,23,31,12,0
63,24,31,21,1
63,25,32,12,0
63,26,44,14,1
63,27,29,16,3
63,28,47,16,2
63,29,56,12,3
63,30,35,13,2
63,31,43,20,1
63,32,61,18,0
63,33,61,28,5
63,34,53,17,0
63,35,69,33,3
63,36,42,21,2
63,37,21,8,3
63,38,9,8,0
63,39,9,2,1
63,40,6,1,0
63,41,3,1,1
63,42,0,1,0
63,43,3,1,0
63,44,2,4,0
63,45,1,0,1
63,46,71,28,3
63,47,55,20,2
63,48,60,43,3
63,49,70,30,2
63,50,50,22,1
63,51,49,32,0
63,52,30,17,0
63,53,41,17,0
63,54,26,11,0
63,55,39,13,1
63,56,26,5,0
63,57,58,18,2
63,58,33,13,2
63,59,48,21,1
63,60,38,9,0
63,61,26,17,3
63,62,27,5,1
63,63,65,22,0
63,64,63,22,1
63,65,59,24,3
63,66,62,20,2
63,67,85,15,0
63,68,13,0,0
63,69,24,13,2
63,70,28,6,3
63,71,5,2,0
63,72,27,10,0
63,73,36,24,2
63,74,15,4,0
63,75,8,7,0
63,76,45,14,3
63,77,36,6,1
63,78,16,9,0
63,79,34,26,0
63,80,18,3,1
63,81,37,5,0
63,82,20,10,1
63,83,21,8,1
63,84,26,11,1
63,85,38,17,2
63,86,0,0,0
63,87,0,0,0
63,88,0,0,0
63,89,0,0,0
63,90,0,0,0
64,1,54,14,0
64,2,64,22,0
64,3,74,26,3
64,4,35,18,1
64,5,90,29,0
64,6,66,32,2
64,7,84,35,2
64,8,59,21,0
64,9,38,15,0
64,10,50,21,1
64,11,24,8,2
64,12,52,23,3
64,13,15,6,0
64,14,63,29,2
64,15,93,25,2
64,16,63,25,2
64,17,62,23,2
64,18,34,9,1
64,19,23,13,1
64,20,43,22,0
64,21,38,17,3
64,22,54,20,0
64,23,48,33,2
64,24,41,21,1
64,25,66,22,2
64,26,43,14,1
64,27,43,15,2
64,28,36,9,3
64,29,51,24,1
64,30,48,31,1
64,31,32,18,2
64,32,56,29,2
64,33,43,23,0
64,34,43,27,1
64,35,58,28,3
64,36,53,13,2
64,37,68,16,0
64,38,48,12,2
64,39,38,11,1
64,40,23,5,0
64,41,39,8,2
64,42,17,15,1
64,43,18,15,2
64,44,44,12,7
64,45,28,16,4
64,46,28,12,1
64,47,28,16,2
64,48,60,39,3
64,49,32,23,4
64,50,18,7,0
64,51,11,7,0
64,52,22,10,1
64,53,23,13,0
64,54,57,29,2
64,55,46,24,1
64,56,64,21,1
64,57,32,10,2
64,58,50,15,3
64,59,37,23,0
64,60,29,13,0
64,61,14,8,0
64,62,30,19,6
64,63,51,17,0
64,64,0,0,0
64,65,0,0,0
64,66,0,0,0
64,67,0,0,0
64,68,0,0,0
64,69,0,0,0
64,70,0,0,0
64,75,20,4,2
64,76,7,1,1
64,77,30,12,1
64,78,21,4,0
64,79,16,4,0
64,80,11,6,1
64,81,3,0,0
64,82,0,1,0
64,83,2,3,0
64,84,13,2,1
64,85,3,1,0
64,86,6,2,0
64,87,14,5,2
64,88,23,1,0
64,89,37,10,1
64,90,48,7,0
64,91,22,8,0
64,92,4,2,0
64,93,23,5,0
64,94,0,0,0
64,95,0,0,0
64,96,0,0,0
64,97,0,0,0
64,98,0,0,0
64,99,0,0,0
65,1,2,1,1
65,2,5,1,0
65,3,0,0,0
65,4,3,5,0
65,5,0,2,0
65,6,12,6,0
65,7,17,5,0
65,8,31,14,1
65,9,2,3,0
65,10,2,4,0
65,11,1,3,0
65,12,9,4,2
65,13,8,3,5
65,14,4,4,0
65,15,4,2,1
65,16,12,2,0
65,17,0,0,0
65,18,2,0,0
65,19,2,0,1
65,20,4,0,0
65,21,3,2,1
65,22,13,3,3
65,23,2,2,2
65,24,3,1,1
65,25,4,5,0
65,26,9,4,1
65,27,8,3,1
65,28,1,0,0
65,29,4,2,1
65,30,7,1,0
65,31,9,3,0
65,32,4,1,0
65,33,1,2,0
65,34,3,3,0
65,35,2,2,0
65,36,1,1,0
65,37,3,0,1
65,38,2,2,0
65,39,6,2,0
65,40,0,0,0
65,41,5,0,0
65,42,3,3,0
65,43,2,0,0
65,44,6,1,0
65,45,6,2,0
65,46,9,1,0
65,47,3,1,0
65,48,3,0,2
65,49,7,2,0
65,50,7,1,0
65,51,4,0,2
65,52,2,1,0
65,53,5,1,1
65,54,3,1,1
65,55,7,3,2
65,56,7,0,0
65,57,3,2,0
65,58,0,2,1
65,59,3,0,0
65,60,3,3,0
65,61,2,3,1
65,62,2,3,2
65,63,4,1,0
65,64,6,5,0
65,65,1,1,2
65,66,3,0,0
65,67,0,0,0
65,68,4,2,0
65,69,1,1,0
65,70,0,0,0
65,71,5,0,0
65,72,0,0,0
65,73,3,0,1
65,74,3,0,0
65,75,0,0,0
65,76,4,0,0
65,77,5,2,0
65,78,2,0,0
65,79,0,1,0
65,80,1,1,1
65,81,4,0,0
65,82,0,0,0
65,83,2,0,1
65,84,0,0,0
65,85,2,0,0
65,86,2,0,2
65,87,3,4,1
65,88,1,5,2
65,89,3,2,1
65,90,9,5,0
65,91,0,3,0
65,92,4,3,1
65,93,4,2,1
65,94,0,0,0
65,95,0,0,0
65,96,0,0,0
65,97,0,0,0
65,98,0,0,0
65,99,0,0,0
66,1,6,1,2
66,2,3,1,0
66,3,3,0,0
66,4,3,1,0
66,5,2,1,0
66,6,4,3,1
66,7,4,2,0
66,8,4,1,0
66,9,1,1,1
66,10,0,1,0
66,11,5,0,0
66,12,1,4,1
66,13,5,2,0
66,14,0,0,0
66,15,2,0,0
66,16,0,0,0
66,17,0,0,0
66,18,2,1,1
66,19,0,0,0
66,20,0,0,0
66,21,3,1,1
66,22,9,3,0
66,23,1,1,0
66,24,1,1,0
66,25,1,0,0
66,26,4,1,0
66,27,0,0,0
66,28,3,2,1
66,29,1,2,0
66,30,2,1,0
66,31,1,0,0
66,32,3,0,0
66,33,2,1,0
66,34,2,1,0
66,35,4,0,0
66,36,1,2,0
66,37,0,0,0
66,38,3,2,0
66,39,0,2,0
66,40,0,0,0
66,41,5,1,0
66,42,2,0,0
66,43,2,0,1
66,44,2,2,0
66,45,2,0,0
66,46,3,0,0
66,47,3,2,0
66,48,0,0,0
66,49,5,2,0
66,50,2,0,0
66,51,0,0,1
66,52,3,1,0
66,53,6,0,1
66,54,1,0,0
66,55,0,3,1
66,56,4,0,0
66,57,5,6,3
66,58,3,1,0
66,59,4,1,0
66,60,3,0,1
66,61,6,1,0
66,62,2,1,0
66,63,1,1,1
66,64,2,0,0
66,65,4,1,0
66,66,1,1,0
66,67,7,0,1
66,68,3,2,0
66,69,9,0,2
66,70,0,0,1
66,71,2,1,0
66,72,3,0,2
66,73,5,1,0
66,74,1,1,0
66,75,5,1,2
66,76,3,2,0
66,77,4,3,0
66,78,7,0,1
66,79,3,2,1
66,80,1,0,0
66,81,0,2,1
66,82,2,2,2
66,83,5,1,0
66,84,3,1,1
66,85,3,3,0
66,86,3,3,0
66,87,3,1,1
66,88,6,1,1
66,89,1,3,0
66,90,4,1,1
66,91,7,2,2
66,92,0,0,0
66,93,0,0,0
66,94,0,0,0
66,95,0,0,0
66,96,1,4,0
66,97,1,1,0
66,98,2,1,0
66,99,0,1,0
66,100,0,0,0
66,101,1,1,0
66,102,5,1,0
66,103,1,0,0
66,104,0,0,0
66,105,0,0,0
66,106,4,0,0
67,1,2,2,0
67,2,6,1,1
67,3,3,2,0
67,4,0,0,0
67,5,1,0,0
67,6,1,2,1
67,7,7,0,0
67,8,0,3,0
67,9,6,1,0
67,10,6,2,0
67,11,4,1,0
67,12,2,0,0
67,13,1,0,1
67,14,0,1,0
67,15,7,2,0
67,16,1,1,2
67,17,11,4,1
67,18,4,3,0
67,19,0,3,2
67,20,6,1,0
67,21,8,1,0
67,22,2,2,0
67,23,10,5,0
67,24,3,2,0
67,25,1,0,0
67,26,5,2,1
67,27,2,0,0
67,28,2,1,0
67,29,4,1,0
67,30,1,4,0
67,31,11,6,2
67,32,7,2,1
67,33,2,2,4
67,34,4,1,1
67,35,10,1,1
67,36,4,0,0
67,37,3,0,2
67,38,8,4,0
67,39,3,4,0
67,40,7,2,0
67,41,9,1,1
67,42,5,2,0
67,43,9,4,0
67,44,7,2,0
67,45,6,1,0
67,46,7,7,3
67,47,7,4,1
67,48,4,2,0
67,49,6,1,0
67,50,5,0,2
67,51,2,3,1
67,52,4,2,1
67,53,4,0,1
67,54,2,1,2
67,55,5,3,0
67,56,5,1,0
67,57,7,0,0
67,58,5,3,0
67,59,1,1,0
67,60,4,3,0
67,61,14,4,1
67,62,5,3,0
67,63,2,1,0
67,64,6,0,1
67,65,2,2,0
67,66,4,1,0
67,67,7,4,0
67,68,3,1,2
67,69,2,0,0
67,70,3,0,0
67,71,3,1,0
67,72,3,1,0
67,73,3,1,0
67,74,3,2,0
67,75,6,1,0
67,76,1,4,0
67,77,5,1,3
67,78,1,0,0
67,79,4,1,0
67,80,5,1,0
67,81,2,0,0
67,82,4,3,0
67,83,1,0,0
67,84,2,1,1
67,85,0,0,0
67,86,1,0,0
67,87,5,0,0
67,88,5,3,0
67,89,7,3,0
67,90,5,1,1
67,91,10,1,3
67,92,4,1,1
67,93,3,0,0
67,94,4,2,0
67,95,6,1,0
67,96,2,1,0
67,97,0,1,0
67,98,6,2,0
67,99,6,4,0
67,100,0,0,0
67,101,7,1,0
67,102,0,0,0
67,103,0,0,0
67,104,0,0,0
67,105,6,1,0
67,106,6,3,0
67,107,5,0,1
67,108,7,2,0
67,109,7,2,2
67,110,1,0,0
67,111,2,1,0
67,112,1,1,0
67,113,0,5,0
67,114,4,3,0
68,1,1,1,1
68,2,0,0,0
68,3,3,2,1
68,4,5,4,3
68,5,7,3,0
68,6,4,0,0
68,7,7,1,0
68,8,1,3,0
68,9,7,2,0
68,10,4,4,0
68,11,9,6,0
68,12,2,0,0
68,13,1,1,1
68,14,1,0,0
68,15,5,1,0
68,16,3,0,0
68,17,3,0,0
68,18,1,0,0
68,19,2,1,0
68,20,1,0,0
68,21,1,1,0
68,22,2,1,0
68,23,3,0,0
68,24,0,1,0
68,25,1,1,0
68,26,0,0,0
68,27,0,0,0
68,28,0,1,0
68,29,1,0,0
68,30,2,0,1
68,31,2,0,0
68,32,1,1,0
68,33,2,3,1
68,34,0,0,0
68,35,4,0,0
68,36,1,0,0
68,37,2,1,0
68,38,1,2,0
68,39,3,0,1
68,40,2,0,0
68,41,4,2,0
68,42,1,3,0
68,43,0,4,1
68,44,1,0,0
68,45,0,0,0
68,46,1,2,0
68,47,0,1,0
68,48,1,0,0
68,49,1,0,0
68,50,1,0,0
68,51,1,0,0
68,52,2,4,0
68,53,0,1,1
68,54,0,1,0
68,55,1,2,0
68,56,2,0,0
68,57,0,2,0
68,58,1,1,0
68,59,0,0,0
68,60,1,0,1
68,61,1,0,0
68,62,0,0,0
68,63,1,0,0
68,64,3,2,0
68,65,0,1,0
68,66,0,1,0
68,67,0,1,0
68,68,0,0,0
68,69,0,0,0
68,70,0,0,0
68,71,1,1,0
68,72,2,1,0
68,73,1,0,0
68,74,3,2,0
68,75,0,0,0
68,76,1,0,1
68,77,2,0,0
68,78,0,0,0
68,79,1,1,0
68,80,1,3,0
68,81,0,0,0
68,82,0,1,0
68,83,0,0,0
68,84,0,0,0
68,85,3,0,0
68,86,2,0,0
68,87,0,1,0
68,88,0,1,0
68,89,1,3,0
68,90,0,0,0
68,91,1,0,0
68,92,0,0,0
68,93,0,1,0
68,94,1,0,0
68,95,0,0,0
68,96,0,0,1
68,97,1,0,0
68,98,0,0,0
68,99,0,0,0
68,100,0,0,0
68,101,0,0,0
68,102,0,0,0
68,103,0,0,0
68,104,0,0,0
68,105,0,0,0
68,106,0,0,0
68,107,0,0,0
68,108,0,0,0
68,109,1,0,0
68,110,0,0,1
68,111,6,2,1
68,112,5,2,0
68,113,0,0,0
68,114,0,0,0
68,115,0,0,0
69,1,3,2,0
69,2,3,1,0
69,3,3,1,0
69,4,2,0,0
69,5,1,1,0
69,6,7,2,0
69,7,10,0,1
69,8,0,0,0
69,9,6,1,0
69,10,5,1,1
69,11,5,5,1
69,12,4,0,0
69,13,0,0,0
69,14,1,1,0
69,15,4,1,0
69,16,4,0,0
69,17,3,0,0
69,18,0,2,1
69,19,2,2,0
69,20,4,0,1
69,21,4,4,0
69,22,2,4,0
69,23,5,1,1
69,24,1,4,0
69,25,4,1,0
69,26,2,1,0
69,27,5,0,0
69,28,1,1,1
69,29,4,3,0
69,30,3,0,0
69,31,0,4,2
69,32,8,1,0
69,33,4,2,0
69,34,10,4,0
69,35,2,1,0
69,36,0,0,0
69,37,1,0,0
69,38,3,5,0
69,39,7,2,0
69,40,2,0,0
69,41,1,1,0
69,42,1,3,1
69,43,2,2,1
69,44,4,0,1
69,45,4,2,2
69,46,3,1,0
69,47,1,0,0
69,48,0,1,0
69,49,3,2,0
69,50,3,0,2
69,51,1,1,1
69,52,1,1,0
69,53,1,2,0
69,54,1,0,0
69,55,0,0,0
69,56,0,0,0
69,57,1,1,0
69,58,0,0,0
69,59,0,1,0
69,60,1,3,0
69,61,0,0,0
69,62,3,0,1
69,63,2,0,0
69,64,1,1,0
69,65,3,1,0
69,66,0,0,0
69,67,0,0,0
69,68,1,0,0
69,69,2,2,0
69,70,1,0,0
69,71,2,1,0
69,72,0,0,1
69,73,1,1,0
69,74,1,1,0
69,75,0,0,0
69,76,0,0,0
69,77,2,0,0
69,78,4,0,0
69,79,2,0,0
69,80,2,0,1
69,81,6,2,1
69,82,1,1,0
69,83,4,0,0
69,84,4,2,0
69,85,0,1,0
69,86,1,2,0
69,87,3,2,0
69,88,0,1,0
69,89,0,0,0
69,90,4,0,0
69,91,2,1,0
69,92,2,1,0
69,93,1,1,0
69,94,0,0,0
69,95,0,0,0
69,96,0,0,0
69,97,1,0,0
69,98,1,0,1
69,99,3,3,0
69,100,0,0,0
69,101,0,0,1
69,102,1,2,0
69,103,0,0,0
69,104,0,0,0
69,105,0,0,0
69,106,0,0,0
69,107,0,0,0
69,108,0,1,0
69,109,0,0,0
69,110,1,1,0
69,111,0,0,0
69,112,2,0,0
69,113,8,0,0
69,114,2,0,0
69,115,2,0,0
70,1,1,0,0
70,2,1,0,0
70,3,0,1,0
70,4,0,0,0
70,5,0,3,0
70,6,3,1,0
70,7,0,0,0
70,8,0,0,0
70,9,0,0,0
70,10,1,2,1
70,11,2,0,0
70,12,0,0,1
70,13,0,0,1
70,14,0,0,0
70,15,1,0,0
70,16,4,2,0
70,17,0,0,0
70,18,1,0,0
70,19,2,0,0
70,20,1,0,2
70,21,0,0,2
70,22,1,0,1
70,23,1,2,0
70,24,0,1,0
70,25,0,1,0
70,26,0,0,0
70,27,0,2,0
70,28,0,2,0
70,29,1,0,0
70,30,1,0,0
70,31,2,4,0
70,32,0,0,0
70,33,1,0,0
70,34,1,1,0
70,35,1,0,0
70,36,0,3,0
70,37,0,0,0
70,38,0,0,0
70,39,0,0,0
70,40,0,2,0
70,41,1,0,1
70,42,2,1,1
70,43,3,1,1
70,44,3,3,0
70,45,0,3,0
70,46,1,0,0
70,47,2,0,1
70,48,2,1,1
70,49,0,0,0
70,50,0,0,0
70,51,0,1,0
70,52,0,4,0
70,53,2,1,1
70,54,1,2,2
70,55,0,2,0
70,56,0,1,0
70,57,0,0,0
70,58,1,3,0
70,59,0,0,0
70,60,0,0,2
70,61,2,0,0
70,62,1,1,0
70,63,1,1,0
70,64,0,0,0
70,65,0,2,1
70,66,1,1,0
70,67,2,0,0
70,68,1,1,0
70,69,0,0,0
70,70,0,0,0
70,71,0,0,0
70,72,1,0,1
70,73,2,1,0
70,74,1,0,0
70,75,0,1,2
70,76,0,0,0
70,77,1,1,0
70,78,0,0,0
70,79,1,0,0
70,80,0,0,0
70,81,5,0,0
70,82,3,0,0
70,83,0,0,0
70,84,0,1,0
70,85,1,1,0
70,86,2,2,1
70,87,2,1,0
70,88,0,0,0
70,89,0,0,0
70,90,0,0,0
70,91,1,1,0
70,92,0,1,0
70,93,2,2,0
70,94,0,0,0
70,95,0,0,0
70,96,0,0,0
70,97,0,0,0
70,98,1,0,0
70,99,1,0,0
70,100,0,0,0
70,101,0,0,0
70,102,1,0,1
70,103,0,0,0
70,104,1,0,0
70,105,1,2,0
70,106,3,1,0
70,107,2,0,0
70,108,1,0,0
70,109,0,0,0
70,110,0,1,0
70,111,1,2,0
71,1,1,0,0
71,2,1,2,2
71,3,2,0,0
71,4,0,1,1
71,5,0,1,0
71,6,1,2,0
71,7,0,0,0
71,8,1,1,1
71,9,0,0,0
71,10,7,1,0
71,11,0,0,0
71,12,2,0,0
71,13,1,0,0
71,14,0,2,0
71,15,0,0,0
71,16,0,0,0
71,17,1,0,0
71,18,0,1,0
71,19,0,0,1
71,20,1,0,0
71,21,0,0,0
71,22,3,1,0
71,23,0,0,0
71,24,1,0,0
71,25,1,1,0
71,26,0,0,0
71,27,0,0,0
71,28,0,0,0
71,29,0,0,0
71,30,0,0,0
71,31,0,3,0
71,32,0,1,0
71,33,4,0,0
71,34,0,2,0
71,35,2,2,0
71,36,0,0,0
71,37,0,0,0
71,38,1,2,0
71,39,0,0,1
71,40,5,1,1
71,41,3,2,0
71,42,1,1,0
71,43,0,0,0
71,44,1,4,0
71,45,0,0,0
71,46,0,1,0
71,47,1,0,0
71,48,1,0,0
71,49,1,1,0
71,50,1,0,0
71,51,1,0,0
71,52,2,0,0
71,53,1,1,0
71,54,4,0,1
71,55,1,0,0
71,56,0,1,0
71,57,0,2,0
71,58,1,0,1
71,59,1,0,1
71,60,2,0,0
71,61,2,0,0
71,62,1,1,0
71,63,1,0,0
71,64,0,0,0
71,65,0,0,0
71,66,0,1,0
71,67,2,1,0
71,68,0,0,0
71,69,2,0,1
71,70,1,0,0
71,71,2,0,0
71,72,0,1,1
71,73,4,1,1
71,74,1,1,0
71,75,1,2,1
71,76,1,0,0
71,77,0,1,0
71,78,2,3,0
71,79,1,1,0
71,80,0,2,0
71,81,4,1,0
71,82,9,4,1
71,83,5,1,0
71,84,1,0,3
71,85,4,0,0
71,86,0,0,0
71,87,0,0,0
71,88,1,0,0
71,89,0,0,0
71,90,0,1,0
71,91,0,0,0
71,92,0,2,0
71,93,0,0,0
71,94,0,0,0
71,95,0,0,0
71,96,0,0,0
71,97,2,2,0
71,98,4,1,0
71,99,1,2,0
71,100,1,0,0
71,101,0,0,0
71,102,0,0,0
71,103,2,1,0
71,104,1,1,0
71,105,1,0,0
71,106,1,0,0
71,107,2,0,0
71,108,0,2,0
71,109,0,0,0
72,1,0,0,0
72,2,1,0,0
72,3,1,0,0
72,4,0,1,0
72,5,1,1,0
72,6,1,0,0
72,7,0,0,0
72,8,0,3,0
72,9,1,0,0
72,10,2,0,0
72,11,0,1,0
72,12,0,0,0
72,13,0,0,0
72,14,0,0,0
72,15,0,1,0
72,16,3,4,0
72,17,0,0,0
72,18,1,0,0
72,19,8,2,0
72,20,1,1,0
72,21,2,2,0
72,22,1,0,0
72,23,2,3,0
72,24,1,1,0
72,25,0,0,1
72,26,5,2,0
72,27,2,1,0
72,28,3,3,0
72,29,2,0,0
72,30,0,0,0
72,31,0,0,0
72,32,1,3,0
72,33,0,0,0
72,34,1,0,1
72,35,0,1,0
72,36,6,2,0
72,37,5,0,0
72,38,1,0,0
72,39,1,2,0
72,40,5,1,0
72,41,1,0,2
72,42,1,1,0
72,43,2,0,0
72,44,1,1,0
72,45,1,1,0
72,46,3,3,0
72,47,0,0,0
72,48,0,0,0
72,49,1,1,1
72,50,1,2,2
72,51,0,2,1
72,52,0,0,0
72,53,2,0,0
72,54,1,1,0
72,55,1,0,0
72,56,4,1,0
72,57,4,6,0
72,58,0,3,0
72,59,5,1,0
72,60,1,0,0
72,61,2,0,0
72,62,1,0,0
72,63,2,1,1
72,64,0,0,0
72,65,4,0,0
72,66,1,1,1
72,67,4,0,0
72,68,1,0,0
72,69,3,2,0
72,70,1,2,0
72,71,0,0,0
72,72,0,0,0
72,73,4,0,0
72,74,0,0,0
72,75,0,1,0
72,76,4,1,1
72,77,1,0,0
72,78,0,1,0
72,79,1,1,0
72,80,0,0,0
72,81,0,0,0
72,82,0,0,0
72,83,0,0,0
72,84,0,0,0
72,85,0,0,0
72,86,1,0,0
72,87,0,2,0
72,88,4,0,0
72,89,2,0,0
72,90,2,2,1
72,91,0,1,0
72,92,1,0,0
72,93,4,1,0
72,94,0,1,1
72,95,1,0,0
72,96,1,0,0
72,97,0,0,0
73,1,2,2,0
73,2,3,2,0
73,3,4,2,1
73,4,12,0,0
73,5,11,3,1
73,6,5,0,0
73,7,5,1,0
73,8,0,0,0
73,9,7,3,2
73,10,5,4,2
73,11,4,1,1
73,12,6,0,0
73,13,2,2,0
73,14,2,0,2
73,15,1,0,0
73,16,12,0,0
73,17,3,0,1
73,18,4,4,0
73,19,1,1,0
73,20,0,0,0
73,21,6,0,0
73,22,4,1,0
73,23,3,2,0
73,24,10,6,0
73,25,11,2,1
73,26,10,4,0
73,27,3,4,1
73,28,12,3,0
73,29,14,3,0
73,30,5,5,1
73,31,2,1,2
73,32,6,3,0
73,33,12,6,0
73,34,4,5,0
73,35,6,6,1
73,36,8,3,0
73,37,12,3,0
73,38,4,3,0
73,39,10,4,1
73,40,10,1,1
73,41,17,5,2
73,42,7,2,0
73,43,2,0,0
73,44,5,0,0
73,45,9,5,3
73,46,7,3,0
73,47,8,1,0
73,48,3,4,1
73,49,3,4,1
73,50,9,2,0
73,51,5,1,1
73,52,10,4,2
73,53,8,3,1
73,54,12,4,0
73,55,12,0,1
73,56,13,2,2
73,57,10,3,1
73,58,7,1,5
73,59,4,0,0
73,60,10,5,0
73,61,6,7,1
73,62,9,7,1
73,63,11,3,1
73,64,12,4,0
73,65,11,4,2
73,66,5,1,3
73,67,2,3,2
73,68,11,2,0
73,69,5,2,0
73,70,4,4,0
73,71,7,1,0
73,72,4,2,0
73,73,6,1,0
73,74,14,2,0
73,75,5,1,0
73,76,6,4,0
73,77,5,4,0
73,78,10,4,2
73,79,5,3,0
73,80,4,1,0
73,81,9,1,0
73,82,9,4,1
73,83,10,9,1
73,84,6,4,0
73,85,5,2,0
73,86,6,2,0
73,87,6,1,0
73,88,4,2,2
73,89,2,3,0
73,90,11,11,2
73,91,12,8,0
73,92,2,0,0
73,93,7,2,0
73,94,8,3,1
73,95,7,1,0
73,96,9,1,2
73,97,16,3,0
73,98,3,0,0
73,99,7,1,1
73,100,9,2,0
73,101,8,1,0
73,102,4,1,0
73,103,5,2,0
73,104,10,5,1
73,105,4,2,0
73,106,2,0,1
73,107,5,2,0
74,1,2,1,0
74,2,2,0,0
74,3,1,0,0
74,4,0,0,0
74,5,0,0,0
74,6,3,1,0
74,7,0,2,0
74,8,1,1,0
74,9,0,0,1
74,10,2,0,0
74,11,2,1,0
74,12,5,2,0
74,13,2,0,0
74,14,1,1,0
74,15,0,5,1
74,16,1,0,0
74,17,0,0,0
74,18,3,0,0
74,19,11,4,1
74,20,11,5,0
74,21,2,0,0
74,22,1,1,0
74,23,4,2,1
74,24,0,0,0
74,25,2,0,0
74,26,1,1,0
74,27,0,4,0
74,28,1,0,0
74,29,0,0,0
74,30,0,0,0
74,31,9,0,1
74,32,3,0,0
74,33,3,0,1
74,34,1,1,1
74,35,3,3,0
74,36,0,1,0
74,37,3,0,0
74,38,2,1,0
74,39,9,1,0
74,40,11,4,0
74,41,4,2,1
74,42,9,1,0
74,43,11,4,1
74,44,4,6,1
74,45,11,6,2
74,46,6,2,2
74,47,8,4,1
74,48,3,2,0
74,49,12,5,0
74,50,20,7,1
74,51,3,1,0
74,52,10,2,0
74,53,2,2,0
74,54,2,2,0
74,55,2,0,0
74,56,3,0,0
74,57,3,1,1
74,58,8,4,0
74,59,9,3,3
74,60,1,0,1
74,61,3,8,1
74,62,4,1,0
74,63,6,3,0
74,64,6,1,1
74,65,4,2,2
74,66,5,1,0
74,67,4,1,0
74,68,4,2,1
74,69,5,2,1
74,70,1,2,0
74,71,0,0,0
74,72,2,3,0
74,73,5,2,0
74,74,5,9,0
74,75,17,2,0
74,76,4,3,0
74,77,4,0,2
74,78,6,3,1
74,79,7,2,0
74,80,3,1,0
74,81,0,1,1
74,82,0,0,0
74,83,7,2,0
74,84,9,2,0
74,85,1,0,0
74,86,4,3,1
74,87,8,3,1
74,88,10,3,2
74,89,9,13,2
74,90,10,3,1
74,91,3,4,0
74,92,6,1,1
74,93,0,0,0
74,94,0,0,0
74,95,0,0,0
74,96,0,0,0
74,97,0,0,0
74,98,3,0,3
74,99,2,0,1
74,100,2,0,0
74,101,4,0,0
74,102,2,1,0
74,103,7,4,0
74,104,13,1,0
74,105,1,2,0
74,106,0,3,0
74,107,2,2,0
75,1,6,3,2
75,2,5,2,0
75,3,0,0,0
75,4,2,1,0
75,5,1,0,0
75,6,7,1,0
75,7,1,0,1
75,8,1,2,0
75,9,3,2,0
75,10,5,1,0
75,11,1,1,0
75,12,5,0,1
75,13,3,1,0
75,14,1,0,0
75,15,0,2,0
75,16,1,0,0
75,17,2,0,0
75,18,4,0,0
75,19,1,2,0
75,20,3,0,0
75,21,2,2,0
75,22,2,1,1
75,23,1,1,0
75,24,1,1,0
75,25,4,0,2
75,26,4,1,0
75,27,3,2,1
75,28,5,1,0
75,29,2,0,0
75,30,1,1,2
75,31,3,2,1
75,32,4,3,0
75,33,6,0,0
75,34,2,1,0
75,35,1,1,0
75,36,1,0,0
75,37,6,6,1
75,38,6,4,0
75,39,3,5,0
75,40,1,0,0
75,41,1,3,0
75,42,1,1,1
75,43,10,3,1
75,44,1,0,0
75,45,4,1,2
75,46,1,0,0
75,47,2,0,1
75,48,0,0,0
75,49,5,2,1
75,50,7,1,0
75,51,3,0,1
75,52,10,2,0
75,53,3,1,2
75,54,11,0,0
75,55,3,4,0
75,56,6,5,1
75,57,2,2,0
75,58,5,2,0
75,59,6,3,0
75,60,0,0,0
75,61,0,0,0
75,62,2,2,0
75,63,3,0,1
75,64,0,3,0
75,65,0,0,0
75,66,4,1,0
75,67,1,2,1
75,68,3,1,1
75,69,0,1,0
75,70,3,2,0
75,71,9,1,1
75,72,6,4,0
75,73,3,0,0
75,74,5,1,0
75,75,4,4,1
75,76,7,3,1
75,77,4,2,0
75,78,1,1,1
75,79,0,2,0
75,80,4,3,0
75,81,0,2,1
75,82,2,0,0
75,83,2,3,0
75,84,2,3,0
75,85,2,1,1
75,86,2,2,1
75,87,6,0,0
75,88,11,6,5
75,89,7,3,0
75,90,5,3,2
75,91,7,7,3
75,92,21,1,2
75,93,0,0,0
75,94,2,2,1
75,95,6,1,0
75,96,6,1,1
75,97,4,7,1
75,98,4,5,0
75,99,2,0,1
75,100,6,3,0
75,101,0,0,0
75,102,0,0,0
75,103,0,0,0
75,104,0,0,0
75,105,0,0,0
75,106,0,0,0
75,107,3,3,0
75,108,5,2,0
75,109,5,0,1
75,110,2,0,0
75,111,1,2,1
75,112,7,3,2
75,113,4,0,0
75,114,17,5,0
75,115,2,1,0
76,1,3,3,1
76,2,5,3,2
76,3,4,1,0
76,4,8,2,0
76,5,8,4,0
76,6,17,5,0
76,7,12,1,0
76,8,5,3,1
76,9,9,1,0
76,10,9,4,1
76,11,3,1,0
76,12,5,1,0
76,13,7,3,0
76,14,9,4,1
76,15,2,0,1
76,16,16,7,1
76,17,8,2,1
76,18,4,2,2
76,19,8,5,0
76,20,8,1,2
76,21,15,1,2
76,22,14,7,2
76,23,5,3,2
76,24,9,2,1
76,25,10,0,1
76,26,9,4,0
76,27,6,1,0
76,28,12,2,0
76,29,7,1,0
76,30,10,7,2
76,31,6,2,0
76,32,5,4,0
76,33,9,2,0
76,34,8,5,2
76,35,8,1,2
76,36,6,1,1
76,37,8,2,2
76,38,11,5,1
76,39,11,2,2
76,40,10,4,0
76,41,11,3,2
76,42,4,3,0
76,43,10,1,0
76,44,12,0,1
76,45,3,3,1
76,46,8,2,0
76,47,8,4,2
76,48,11,6,1
76,49,8,4,1
76,50,10,5,1
76,51,10,1,0
76,52,11,4,0
76,53,3,0,0
76,54,7,4,0
76,55,8,6,1
76,56,3,3,1
76,57,8,2,0
76,58,8,7,1
76,59,8,3,0
76,60,7,1,0
76,61,7,3,0
76,62,9,6,3
76,63,8,5,0
76,64,5,2,0
76,65,16,2,0
76,66,3,1,0
76,67,8,1,1
76,68,5,4,1
76,69,12,1,0
76,70,4,0,0
76,71,11,1,0
76,72,7,5,0
76,73,1,0,3
76,74,12,5,1
76,75,14,5,0
76,76,10,1,1
76,77,4,2,0
76,78,7,3,0
76,79,7,2,0
76,80,13,4,1
76,81,2,1,1
76,82,4,1,0
76,83,5,1,0
76,84,4,2,1
76,85,1,2,1
76,86,9,1,1
76,87,0,1,0
76,88,13,3,0
76,89,8,1,1
76,90,0,0,0
76,91,0,0,0
76,92,0,0,0
76,93,0,0,0
76,94,0,0,0
76,95,0,0,0
76,96,0,0,0
76,97,0,0,0
76,98,0,0,0
76,99,10,3,0
76,100,3,4,1
76,101,4,1,0
76,102,12,2,2
76,103,3,1,1
77,1,0,2,0
77,2,0,0,0
77,3,0,3,0
77,4,0,1,0
77,5,2,2,1
77,6,1,1,0
77,7,0,1,0
77,8,0,0,1
77,9,1,1,0
77,10,0,0,1
77,11,0,0,0
77,12,0,0,0
77,13,0,0,1
77,14,1,2,0
77,15,0,1,0
77,16,0,1,0
77,17,1,0,0
77,18,0,0,0
77,19,1,0,0
77,20,0,0,0
77,21,0,0,0
77,22,0,0,0
77,23,0,0,1
77,24,1,0,0
77,25,0,2,0
77,26,0,1,0
77,27,0,0,0
77,28,1,2,0
77,29,0,1,0
77,30,0,0,0
77,31,0,0,0
77,32,2,1,0
77,33,0,1,0
77,34,2,0,0
77,35,1,0,0
77,36,2,2,1
77,37,0,0,0
77,38,2,0,0
77,39,2,2,0
77,40,0,1,0
77,41,0,0,0
77,42,0,1,0
77,43,1,2,0
77,44,0,0,0
77,45,1,1,0
77,46,1,0,0
77,47,0,3,0
77,48,1,2,0
77,49,3,0,0
77,50,2,1,0
77,51,0,0,0
77,52,0,0,0
77,53,1,1,0
77,54,1,0,0
77,55,0,0,0
77,56,0,0,0
77,57,0,0,1
77,58,0,0,1
77,59,0,1,0
77,60,2,1,0
77,61,1,0,0
77,62,1,1,0
77,63,0,1,1
77,64,0,0,0
77,65,0,2,0
77,66,0,0,0
77,67,0,0,0
77,68,2,1,0
77,69,0,0,0
77,70,0,0,0
77,71,2,1,0
77,72,1,0,0
77,73,0,0,0
77,74,1,0,0
77,75,0,0,0
77,76,0,0,0
77,77,0,0,0
77,78,0,0,0
77,79,0,0,0
77,80,0,1,0
77,81,1,1,0
77,82,0,1,0
78,1,0,0,0
78,2,0,0,0
78,3,2,2,0
78,4,0,0,0
78,5,2,0,0
78,6,4,2,0
78,7,1,1,0
78,8,9,0,0
78,9,0,0,0
78,10,0,2,0
78,11,0,0,0
78,12,1,0,0
78,13,1,0,0
78,14,0,1,0
78,15,2,0,0
78,16,3,1,1
78,17,1,0,0
78,18,0,3,0
78,19,1,2,0
78,20,0,0,0
78,21,0,0,1
78,22,0,0,0
78,23,0,0,0
78,24,0,0,0
78,25,1,0,0
78,26,0,2,0
78,27,0,1,0
78,28,0,2,0
78,29,0,1,0
78,30,1,0,0
78,31,1,1,0
78,32,3,0,0
78,33,5,3,0
78,34,2,1,0
78,35,0,0,0
78,36,1,1,0
78,37,0,0,0
78,38,7,1,0
78,39,1,0,0
78,40,4,3,0
78,41,4,2,0
78,42,0,0,0
78,43,0,0,1
78,44,1,1,0
78,45,0,0,0
78,46,0,0,0
78,47,0,1,0
78,48,6,2,0
78,49,1,3,0
78,50,1,1,0
78,51,1,1,0
78,52,2,0,0
78,53,1,1,0
78,54,1,2,0
78,55,0,0,0
78,56,0,0,0
78,57,0,0,0
78,58,0,0,0
78,59,1,0,0
78,60,2,0,1
78,61,3,1,0
78,62,1,1,1
78,63,1,0,0
78,64,1,0,0
78,65,0,0,0
78,66,3,0,0
78,67,2,4,0
78,68,0,0,0
78,69,0,0,1
78,70,3,0,0
78,71,1,0,1
78,72,0,0,0
78,73,0,1,0
79,1,3,0,0
79,2,3,1,0
79,3,0,0,1
79,4,0,0,0
79,5,2,0,0
79,6,2,1,1
79,7,0,1,0
79,8,0,0,0
79,9,0,2,0
79,10,0,0,0
79,11,0,0,0
79,12,0,0,0
79,13,0,0,1
79,14,0,0,0
79,15,0,0,0
79,16,0,0,0
79,17,0,0,0
79,18,0,0,0
79,19,1,2,0
79,20,0,1,0
79,21,0,0,0
79,22,0,0,0
79,23,1,0,0
79,24,2,1,0
79,25,0,1,0
79,26,0,3,0
79,27,2,0,0
79,28,1,0,0
79,29,0,0,0
79,30,0,0,0
79,31,0,0,0
79,32,0,0,0
79,33,0,0,0
79,34,1,0,2
79,35,1,1,2
79,36,1,0,0
79,37,0,0,0
79,38,0,1,1
79,39,2,2,0
79,40,0,0,0
79,41,0,0,0
79,42,1,0,0
79,43,1,2,0
79,44,0,2,0
79,45,0,0,0
79,46,0,0,0
79,47,0,0,0
79,48,0,0,0
79,49,0,0,0
79,50,0,0,0
79,51,2,0,0
79,52,0,0,0
79,53,0,0,0
79,54,0,0,1
79,55,1,0,0
79,56,0,1,0
79,57,1,1,0
79,58,0,0,0
79,59,1,1,0
79,60,0,0,0
79,61,1,1,0
79,62,1,1,0
79,63,0,0,0
79,64,0,0,0
79,65,1,0,0
79,66,0,1,0
79,67,1,0,0
79,68,1,1,0
79,69,1,0,1
79,70,0,2,0
79,71,0,0,0
79,72,1,0,0
79,73,2,0,0
79,74,0,1,0
79,75,0,0,0
79,76,1,1,0
79,77,0,0,0
79,78,0,0,0
79,79,0,1,0
79,80,0,0,0
79,81,0,0,0
79,82,1,1,0
79,83,1,0,0
79,84,0,0,1
79,85,0,0,0
79,86,0,0,0
79,87,0,0,0
79,88,0,1,0
79,89,0,0,1
79,90,1,2,0
80,1,4,0,0
80,2,0,0,0
80,3,21,20,3
80,4,4,2,0
80,5,3,0,0
80,6,9,3,0
80,7,5,4,1
80,8,0,2,0
80,9,1,4,0
80,10,2,5,0
80,11,0,1,1
80,12,0,0,0
80,13,4,1,0
80,14,0,1,0
80,15,0,0,0
80,16,1,4,0
80,17,0,2,0
80,18,8,1,0
80,19,8,3,1
80,20,6,3,0
80,21,1,0,1
80,22,6,0,0
80,23,3,1,0
80,24,3,3,0
80,25,3,3,1
80,26,1,1,1
80,27,5,0,0
80,28,8,4,0
80,29,4,2,0
80,30,8,4,0
80,31,13,5,1
80,32,5,11,1
80,33,1,4,0
80,34,7,4,0
80,35,4,6,0
80,36,5,4,0
80,37,3,2,0
80,38,1,1,0
80,39,8,3,0
80,40,0,0,0
80,41,2,0,0
80,42,0,2,1
80,43,3,0,0
80,44,3,0,0
80,45,2,0,0
80,46,0,0,0
80,47,0,0,0
80,48,0,0,0
80,49,0,0,0
80,50,2,0,0
80,51,0,1,0
80,52,1,1,0
80,53,1,0,0
80,54,0,2,0
80,55,2,0,0
80,56,0,2,0
80,57,0,0,0
80,58,2,3,1
80,59,1,0,0
80,60,0,2,0
80,61,0,1,0
80,62,0,1,0
80,63,0,1,1
80,64,0,0,0
80,65,0,2,0
80,66,4,4,0
80,67,4,1,0
80,68,3,7,0
80,69,2,1,0
80,70,5,3,0
80,71,2,1,0
80,72,2,0,0
80,73,1,0,0
80,74,1,0,0
80,75,0,0,0
80,76,5,0,1
80,77,3,2,0
80,78,1,3,0
80,79,1,0,0
80,80,2,2,0
80,81,1,1,0
80,82,0,1,0
80,83,3,3,0
80,84,1,2,0
80,85,2,0,0
80,86,2,1,0
80,87,1,0,0
80,88,0,0,0
80,89,0,0,0
80,90,0,0,0
80,91,0,0,0
80,92,0,0,0
80,93,1,2,1
80,94,1,3,0
80,95,4,0,1
81,1,2,1,0
81,2,3,0,1
81,3,3,1,0
81,4,1,2,0
81,5,3,2,0
81,6,1,2,0
81,7,0,0,0
81,8,1,3,0
81,9,0,1,0
81,10,1,0,0
81,11,0,1,0
81,12,3,0,1
81,13,0,0,0
81,14,0,2,0
81,15,6,1,0
81,16,0,0,0
81,17,0,2,0
81,18,1,0,0
81,19,2,0,0
81,20,3,0,0
81,21,0,0,0
81,22,0,0,1
81,23,3,0,0
81,24,0,1,0
81,25,4,3,1
81,26,4,0,0
81,27,7,5,0
81,28,14,6,1
81,29,9,8,0
81,30,16,5,5
81,31,8,4,0
81,32,6,7,0
81,33,6,3,0
81,34,0,4,0
81,35,6,3,0
81,36,0,2,0
81,37,7,2,0
81,38,1,2,0
81,39,3,0,0
81,40,2,0,0
81,41,4,3,0
81,42,0,0,0
81,43,3,4,0
81,44,1,1,1
81,45,2,1,0
81,46,0,0,0
81,47,2,1,0
81,48,0,0,0
81,49,2,3,0
81,50,2,1,0
81,51,4,3,0
81,52,0,1,0
81,53,1,0,0
81,54,4,0,1
81,55,8,4,0
81,56,6,7,0
81,57,14,2,0
81,58,17,0,0
81,59,0,0,0
81,60,6,3,1
81,61,3,1,0
81,62,0,1,0
81,63,8,2,1
81,64,10,7,2
81,65,5,4,1
81,66,9,2,0
81,67,4,0,1
81,68,5,0,0
81,69,6,2,0
81,70,2,1,0
81,71,2,1,1
81,72,3,1,0
81,73,4,3,0
81,74,7,0,0
81,75,1,3,0
81,76,6,1,0
81,77,3,0,1
81,78,7,6,0
81,79,16,2,0
81,80,5,2,1
81,81,2,1,0
81,82,3,3,1
81,83,3,0,0
81,84,11,3,0
81,85,1,0,0
81,86,3,0,0
81,87,5,2,0
81,88,10,3,0
81,89,8,2,0
81,90,4,2,0
81,91,0,0,0
81,92,1,0,0
81,93,0,1,0
81,94,3,0,1
81,95,0,1,2
81,96,1,1,0
81,97,0,2,0
81,98,2,0,0
81,99,1,0,0
81,100,0,0,0
81,101,0,0,0
81,102,0,0,0
81,103,0,0,0
81,104,0,0,0
81,105,0,0,0
81,106,0,0,0
81,107,0,1,0
82,1,34,19,2
82,2,14,4,0
82,3,22,6,0
82,4,25,18,1
82,5,11,7,4
82,6,10,6,0
82,7,10,6,0
82,8,7,7,1
82,9,5,7,2
82,10,9,6,2
82,11,13,4,1
82,12,1,0,0
82,13,0,1,0
82,14,1,0,0
82,15,1,1,0
82,16,6,8,0
82,17,7,3,0
82,18,1,4,0
82,19,7,4,0
82,20,14,10,3
82,21,6,2,1
82,22,10,1,1
82,23,0,0,0
82,24,8,6,2
82,25,14,11,0
82,26,0,0,0
82,27,0,1,0
82,28,0,0,0
82,29,2,0,0
82,30,6,2,1
82,31,3,1,0
82,32,12,8,0
82,33,7,5,1
82,34,14,4,0
82,35,12,5,0
82,36,14,6,0
82,37,6,5,0
82,38,4,4,1
82,39,6,3,0
82,40,13,8,0
82,41,20,10,2
82,42,8,9,0
82,43,7,6,0
82,44,20,12,0
82,45,14,0,1
82,46,11,10,1
82,47,20,10,1
82,48,19,8,0
82,49,30,16,1
82,50,7,4,0
82,51,7,6,2
82,52,1,1,0
82,53,3,0,2
82,54,0,0,0
82,55,0,0,0
82,56,6,3,0
82,57,4,2,0
82,58,11,12,0
82,59,0,0,0
82,60,18,9,0
82,61,25,12,0
82,62,13,11,1
82,63,10,6,0
82,64,5,3,0
82,65,2,3,0
82,66,2,0,2
82,67,2,2,0
82,68,0,0,1
82,69,0,0,0
82,70,0,0,0
82,71,1,1,0
82,72,0,0,0
82,73,2,0,0
82,74,2,1,0
82,75,1,0,0
82,76,0,0,0
82,77,1,2,0
82,78,4,0,0
82,79,1,1,1
82,80,0,0,0
82,81,1,1,0
82,82,1,2,0
82,83,1,0,0
82,84,0,1,0
82,85,2,2,0
82,86,3,1,0
82,87,2,2,1
82,88,0,1,0
82,89,4,0,0
82,90,0,0,0
82,91,2,0,0
82,92,1,2,0
82,93,2,0,1
82,94,0,0,0
82,95,2,0,0
82,96,0,0,0
82,97,1,1,0
82,98,0,0,0
82,99,0,0,0
82,100,0,0,0
82,101,0,0,0
82,102,3,2,0
82,103,1,1,0
82,104,3,1,0
82,105,0,3,0
82,106,0,0,0
82,107,3,3,0
82,108,0,0,0
82,109,1,1,0
82,110,0,0,0
82,111,0,0,0
82,112,0,0,0
82,113,0,0,0
82,114,0,0,0
82,115,0,0,0
82,116,0,0,0
82,117,0,0,0
82,118,0,0,0
82,119,13,4,0
83,1,1,2,0
83,2,1,1,0
83,3,1,0,0
83,4,0,0,0
83,5,0,1,0
83,6,0,0,0
83,7,0,0,0
83,8,0,0,0
83,9,0,1,0
83,10,2,1,1
83,11,0,1,0
83,12,0,0,0
83,13,3,2,0
83,14,1,0,0
83,15,0,1,0
83,16,0,0,0
83,17,0,0,0
83,18,0,0,0
83,19,0,0,0
83,20,0,0,1
83,21,1,0,0
83,22,1,0,0
83,23,0,1,1
83,24,2,0,0
83,25,1,1,0
83,26,0,0,0
83,27,3,0,0
83,28,0,0,0
83,29,2,0,0
83,30,0,0,0
83,31,0,0,0
83,32,1,1,0
83,33,0,0,0
83,34,0,1,0
83,35,0,1,0
83,36,2,0,0
83,37,0,1,0
83,38,0,1,0
83,39,1,0,0
83,40,0,0,0
83,41,0,0,0
83,42,0,0,1
83,43,0,1,0
83,44,0,0,0
83,45,2,1,0
83,46,1,1,0
83,47,1,1,0
83,48,1,0,0
83,49,1,1,0
83,50,1,0,0
83,51,0,1,0
83,52,0,0,0
83,53,1,1,0
83,54,0,3,1
83,55,0,0,0
83,56,2,0,0
83,57,2,3,0
83,58,0,0,2
83,59,0,1,0
83,60,0,0,0
83,61,1,1,0
83,62,0,0,0
83,63,0,2,1
83,64,0,1,0
83,65,0,0,0
83,66,1,0,0
83,67,0,0,0
83,68,0,0,0
83,69,2,3,0
83,70,6,0,0
83,71,2,0,0
83,72,0,0,0
83,73,0,1,0
83,74,2,1,0
83,75,0,0,0
83,76,2,0,0
83,77,0,1,0
83,78,0,0,0
83,79,1,0,0
83,80,0,0,0
83,81,0,0,0
83,82,0,0,0
83,83,1,0,0
83,84,0,0,0
83,85,0,0,0
83,86,0,0,0
83,87,0,0,0
83,88,1,1,0
83,89,0,1,0
84,1,1,0,0
84,2,0,1,0
84,3,1,0,0
84,4,1,0,0
84,5,1,2,0
84,6,0,1,0
84,7,1,1,0
84,8,4,1,0
84,9,0,0,0
84,10,1,1,0
84,11,1,0,0
84,12,1,2,0
84,13,2,1,0
84,14,2,1,0
84,15,1,0,0
84,16,1,2,0
84,17,0,0,0
84,18,1,2,0
84,19,2,0,0
84,20,1,0,0
84,21,0,0,1
84,22,0,0,0
84,23,0,1,0
84,24,0,0,0
84,25,0,1,0
84,26,1,0,0
84,27,0,1,0
84,28,1,1,0
84,29,0,1,0
84,30,0,0,0
84,31,0,0,0
84,32,0,0,0
84,33,0,0,0
84,34,2,1,0
84,35,0,0,0
84,36,0,0,0
84,37,0,0,0
84,38,0,2,0
84,39,0,0,0
84,40,1,0,0
84,41,1,0,1
84,42,0,1,0
84,43,3,2,0
84,44,0,0,0
84,45,1,0,0
84,46,2,1,0
84,47,0,1,0
84,48,2,2,1
84,49,2,0,0
84,50,0,1,0
84,51,0,0,0
84,52,1,1,0
84,53,0,0,0
84,54,2,3,1
84,55,3,3,2
84,56,0,0,0
84,57,3,0,2
84,58,0,0,0
84,59,0,0,0
84,60,0,0,0
84,61,0,0,0
84,62,1,5,0
84,63,0,1,0
84,64,1,0,0
84,65,0,1,0
84,66,0,0,0
84,67,0,1,0
84,68,1,1,0
84,69,2,0,0
84,70,0,0,0
84,71,0,0,0
84,72,1,1,1
84,73,0,0,0
84,74,1,2,0
84,75,0,0,0
84,76,0,0,0
84,77,1,2,0
84,78,0,0,0
84,79,0,0,0
84,80,0,1,0
84,81,0,0,0
84,82,0,0,0
84,83,0,0,0
84,84,0,0,0
84,85,0,0,0
85,1,5,0,0
85,2,2,1,0
85,3,3,0,0
85,4,3,1,0
85,5,2,0,0
85,6,0,0,0
85,7,0,0,0
85,8,0,1,0
85,9,0,0,0
85,10,0,0,0
85,11,0,0,0
85,12,1,0,0
85,13,1,0,1
85,14,0,0,0
85,15,0,0,0
85,16,0,0,0
85,17,0,0,0
85,18,1,0,0
85,19,2,0,0
85,20,1,0,0
85,21,2,2,0
85,22,1,0,0
85,23,0,0,0
85,24,0,0,0
85,25,0,0,0
85,26,0,1,0
85,27,0,1,0
85,28,0,0,0
85,29,1,0,0
85,30,0,1,1
85,31,0,1,0
85,32,0,0,0
85,33,2,2,0
85,34,1,1,0
85,35,0,0,0
85,36,0,2,1
85,37,1,1,0
85,38,0,0,0
85,39,1,0,2
85,40,1,0,0
85,41,0,1,0
85,42,0,0,0
85,43,2,0,0
85,44,0,1,0
85,45,0,0,0
85,46,0,0,0
85,47,2,0,0
85,48,0,0,0
85,49,1,0,1
85,50,0,0,0
85,51,2,0,0
85,52,0,1,0
85,53,2,2,0
85,54,0,2,0
85,55,0,0,0
85,56,1,0,0
85,57,1,0,0
85,58,2,0,0
85,59,1,0,0
85,60,1,0,0
85,61,1,0,0
85,62,1,3,0
85,63,1,0,0
85,64,0,0,0
85,65,3,1,0
85,66,0,0,0
85,67,3,0,0
85,68,3,0,2
85,69,0,1,0
85,70,0,1,0
85,71,0,0,0
85,72,0,0,0
85,73,0,0,0
85,74,0,0,0
85,75,0,0,0
85,76,0,0,0
85,77,0,0,0
85,78,0,0,0
85,79,0,0,0
85,80,0,1,0
85,81,1,0,0
85,82,0,2,0
85,83,0,0,0
85,84,2,0,0
85,85,0,0,0
86,1,0,0,0
86,2,0,0,0
86,3,0,3,0
86,4,3,1,0
86,5,0,0,0
86,6,0,2,1
86,7,1,1,0
86,8,0,0,0
86,9,0,0,0
86,10,1,0,0
86,11,2,1,0
86,12,1,0,0
86,13,0,0,0
86,14,1,3,0
86,15,0,0,0
86,16,0,0,0
86,17,3,1,0
86,18,0,0,1
86,19,3,1,0
86,20,0,0,0
86,21,0,0,0
86,22,1,2,0
86,23,0,0,0
86,24,0,2,0
86,25,0,0,0
86,26,0,0,1
86,27,0,1,0
86,28,0,0,0
86,29,1,0,0
86,30,1,0,0
86,31,0,0,0
86,32,1,1,0
86,33,3,1,0
86,34,0,1,1
86,35,0,1,0
86,36,0,0,0
86,37,0,1,0
86,38,2,0,0
86,39,0,0,0
86,40,1,0,0
86,41,0,1,0
86,42,0,0,0
86,43,0,0,0
86,44,1,0,0
86,45,3,5,0
86,46,0,0,0
86,47,0,0,0
86,48,0,0,0
86,49,2,1,2
86,50,0,0,0
86,51,1,0,0
86,52,0,0,0
86,53,2,2,0
86,54,2,0,0
86,55,0,0,0
86,56,0,1,0
86,57,0,0,0
86,58,1,0,0
86,59,0,0,0
86,60,0,0,0
86,61,1,0,0
86,62,1,0,2
86,63,0,0,0
86,64,1,5,0
86,65,1,0,0
86,66,1,0,1
86,67,0,0,0
86,68,0,0,0
86,69,1,0,0
86,70,1,0,0
86,71,0,0,0
86,72,0,0,0
87,1,0,0,0
87,2,0,0,1
87,3,0,0,0
87,4,1,0,0
87,5,0,0,0
87,6,0,0,0
87,7,0,0,1
87,8,1,1,0
87,9,3,0,0
87,10,0,0,1
87,11,0,0,0
87,12,1,0,0
87,13,0,0,0
87,14,0,0,0
87,15,0,0,0
87,16,0,1,0
87,17,0,0,0
87,18,2,1,0
87,19,1,0,0
87,20,3,3,0
87,21,0,0,0
87,22,0,0,0
87,23,2,0,0
87,24,0,0,0
87,25,1,1,0
87,26,1,3,0
87,27,0,1,0
87,28,0,0,0
87,29,0,5,1
87,30,1,0,0
87,31,1,0,0
87,32,1,0,0
87,33,0,4,0
87,34,0,1,0
87,35,3,0,0
87,36,1,1,0
87,37,2,2,1
87,38,0,0,0
87,39,0,2,0
87,40,1,3,0
87,41,0,0,0
87,42,2,0,0
87,43,0,0,0
87,44,0,0,0
87,45,1,2,1
87,46,0,2,0
87,47,1,0,0
87,48,0,0,0
87,49,5,0,0
87,50,0,1,1
87,51,1,0,0
87,52,1,0,0
87,53,0,0,0
87,54,3,5,1
87,55,4,1,1
87,56,2,1,0
87,57,1,0,0
87,58,4,2,0
87,59,1,1,0
87,60,2,2,0
87,61,0,2,0
87,62,2,0,0
87,63,0,2,1
87,64,0,0,0
87,65,0,1,0
87,66,0,0,0
87,67,2,1,0
87,68,2,0,0
87,69,1,1,0
87,70,0,0,0
87,71,0,0,0
87,72,0,2,0
87,73,0,0,0
87,74,0,0,0
87,75,1,2,0
87,76,0,2,0
87,77,4,1,0
87,78,1,1,0
87,79,0,0,0
87,80,0,0,0
87,81,2,3,0
87,82,0,2,0
87,83,0,0,0
87,84,2,1,0
87,85,1,0,0
87,86,0,0,1
87,87,2,1,0
87,88,0,0,0
87,89,1,0,0
87,90,0,0,0
87,91,0,0,0
87,92,0,0,0
87,93,0,0,0
87,94,0,0,0
87,95,0,0,0
87,96,0,2,0
87,97,0,1,0
87,98,0,0,0
87,99,0,1,2
87,100,1,0,1
87,101,0,0,0
87,102,0,1,0
